# ************************************************************
# Sequel Pro SQL dump
# Version 5224
#
# http://www.sequelpro.com/
# https://github.com/sequelpro/sequelpro
#
# Host: 127.0.0.1 (MySQL 5.7.19)
# Database: craft
# Generation Time: 2018-02-19 22:02:34 +0000
# ************************************************************


/*!40101 SET @OLD_CHARACTER_SET_CLIENT=@@CHARACTER_SET_CLIENT */;
/*!40101 SET @OLD_CHARACTER_SET_RESULTS=@@CHARACTER_SET_RESULTS */;
/*!40101 SET @OLD_COLLATION_CONNECTION=@@COLLATION_CONNECTION */;
/*!40101 SET NAMES utf8 */;
SET NAMES utf8mb4;
/*!40014 SET @OLD_FOREIGN_KEY_CHECKS=@@FOREIGN_KEY_CHECKS, FOREIGN_KEY_CHECKS=0 */;
/*!40101 SET @OLD_SQL_MODE=@@SQL_MODE, SQL_MODE='NO_AUTO_VALUE_ON_ZERO' */;
/*!40111 SET @OLD_SQL_NOTES=@@SQL_NOTES, SQL_NOTES=0 */;


# Dump of table assetindexdata
# ------------------------------------------------------------

DROP TABLE IF EXISTS `assetindexdata`;

CREATE TABLE `assetindexdata` (
  `id` int(11) NOT NULL AUTO_INCREMENT,
  `sessionId` varchar(36) NOT NULL DEFAULT '',
  `volumeId` int(11) NOT NULL,
  `uri` text,
  `size` bigint(20) unsigned DEFAULT NULL,
  `timestamp` datetime DEFAULT NULL,
  `recordId` int(11) DEFAULT NULL,
  `inProgress` tinyint(1) DEFAULT '0',
  `completed` tinyint(1) DEFAULT '0',
  `dateCreated` datetime NOT NULL,
  `dateUpdated` datetime NOT NULL,
  `uid` char(36) NOT NULL DEFAULT '0',
  PRIMARY KEY (`id`),
  KEY `assetindexdata_sessionId_volumeId_idx` (`sessionId`,`volumeId`),
  KEY `assetindexdata_volumeId_idx` (`volumeId`),
  CONSTRAINT `assetindexdata_volumeId_fk` FOREIGN KEY (`volumeId`) REFERENCES `volumes` (`id`) ON DELETE CASCADE
) ENGINE=InnoDB DEFAULT CHARSET=utf8;



# Dump of table assets
# ------------------------------------------------------------

DROP TABLE IF EXISTS `assets`;

CREATE TABLE `assets` (
  `id` int(11) NOT NULL,
  `volumeId` int(11) DEFAULT NULL,
  `folderId` int(11) NOT NULL,
  `filename` varchar(255) NOT NULL,
  `kind` varchar(50) NOT NULL DEFAULT 'unknown',
  `width` int(11) unsigned DEFAULT NULL,
  `height` int(11) unsigned DEFAULT NULL,
  `size` bigint(20) unsigned DEFAULT NULL,
  `focalPoint` varchar(13) DEFAULT NULL,
  `dateModified` datetime DEFAULT NULL,
  `dateCreated` datetime NOT NULL,
  `dateUpdated` datetime NOT NULL,
  `uid` char(36) NOT NULL DEFAULT '0',
  PRIMARY KEY (`id`),
  UNIQUE KEY `assets_filename_folderId_unq_idx` (`filename`,`folderId`),
  KEY `assets_folderId_idx` (`folderId`),
  KEY `assets_volumeId_idx` (`volumeId`),
  CONSTRAINT `assets_folderId_fk` FOREIGN KEY (`folderId`) REFERENCES `volumefolders` (`id`) ON DELETE CASCADE,
  CONSTRAINT `assets_id_fk` FOREIGN KEY (`id`) REFERENCES `elements` (`id`) ON DELETE CASCADE,
  CONSTRAINT `assets_volumeId_fk` FOREIGN KEY (`volumeId`) REFERENCES `volumes` (`id`) ON DELETE CASCADE
) ENGINE=InnoDB DEFAULT CHARSET=utf8;

LOCK TABLES `assets` WRITE;
/*!40000 ALTER TABLE `assets` DISABLE KEYS */;

INSERT INTO `assets` (`id`, `volumeId`, `folderId`, `filename`, `kind`, `width`, `height`, `size`, `focalPoint`, `dateModified`, `dateCreated`, `dateUpdated`, `uid`)
VALUES
	(6,1,3,'ali-gooya-527606.jpg','image',2000,1333,737775,NULL,'2018-02-19 21:20:30','2018-02-19 21:20:30','2018-02-19 21:20:30','c28d7c98-a7ad-4518-9670-8f6c0998f75c'),
	(7,1,3,'john-towner-177554.jpg','image',2000,1334,562209,NULL,'2018-02-19 21:21:36','2018-02-19 21:21:37','2018-02-19 21:21:37','9e9f84cb-0043-494a-8a65-7ccd431aa688'),
	(8,1,3,'justin-bisson-beck-192842.jpg','image',2000,1333,335273,NULL,'2018-02-19 21:21:37','2018-02-19 21:21:37','2018-02-19 21:21:37','7d8a9f71-f68f-4dc1-a6af-a81a6819c7eb'),
	(9,1,3,'loek-hertog-501248.jpg','image',2000,1333,372367,NULL,'2018-02-19 21:21:38','2018-02-19 21:21:38','2018-02-19 21:21:38','f76fd97b-5fdb-49f8-a61c-20b4c67d0341');

/*!40000 ALTER TABLE `assets` ENABLE KEYS */;
UNLOCK TABLES;


# Dump of table assettransformindex
# ------------------------------------------------------------

DROP TABLE IF EXISTS `assettransformindex`;

CREATE TABLE `assettransformindex` (
  `id` int(11) NOT NULL AUTO_INCREMENT,
  `assetId` int(11) NOT NULL,
  `filename` varchar(255) DEFAULT NULL,
  `format` varchar(255) DEFAULT NULL,
  `location` varchar(255) NOT NULL,
  `volumeId` int(11) DEFAULT NULL,
  `fileExists` tinyint(1) NOT NULL DEFAULT '0',
  `inProgress` tinyint(1) NOT NULL DEFAULT '0',
  `dateIndexed` datetime DEFAULT NULL,
  `dateCreated` datetime NOT NULL,
  `dateUpdated` datetime NOT NULL,
  `uid` char(36) NOT NULL DEFAULT '0',
  PRIMARY KEY (`id`),
  KEY `assettransformindex_volumeId_assetId_location_idx` (`volumeId`,`assetId`,`location`)
) ENGINE=InnoDB DEFAULT CHARSET=utf8;

LOCK TABLES `assettransformindex` WRITE;
/*!40000 ALTER TABLE `assettransformindex` DISABLE KEYS */;

INSERT INTO `assettransformindex` (`id`, `assetId`, `filename`, `format`, `location`, `volumeId`, `fileExists`, `inProgress`, `dateIndexed`, `dateCreated`, `dateUpdated`, `uid`)
VALUES
	(1,6,'ali-gooya-527606.jpg','jpg','_1200x675_crop_center-center_82_line',1,1,0,'2018-02-19 21:20:31','2018-02-19 21:20:31','2018-02-19 21:20:32','5aba2fdc-1aad-4ba3-8649-99414b6b8035'),
	(2,6,'ali-gooya-527606.jpg','jpg','_992x558_crop_center-center_82_line',1,1,0,'2018-02-19 21:20:33','2018-02-19 21:20:33','2018-02-19 21:20:34','40f9269f-a791-4355-9674-49f1d9942020'),
	(3,6,'ali-gooya-527606.jpg','jpg','_768x576_crop_center-center_60_line',1,1,0,'2018-02-19 21:20:34','2018-02-19 21:20:34','2018-02-19 21:20:35','cd4fb8d1-ac38-4718-97b4-ba4fd768893d'),
	(4,6,'ali-gooya-527606.jpg','jpg','_576x432_crop_center-center_60_line',1,1,0,'2018-02-19 21:20:35','2018-02-19 21:20:35','2018-02-19 21:20:36','4ee99112-daf8-4f7c-8265-c366d3d8647b'),
	(5,7,'john-towner-177554.jpg','jpg','_1200x675_crop_center-center_82_line',1,1,0,'2018-02-19 21:21:37','2018-02-19 21:21:37','2018-02-19 21:21:40','1e206ea5-b252-4125-8594-91dc39404b20'),
	(6,8,'justin-bisson-beck-192842.jpg','jpg','_1200x675_crop_center-center_82_line',1,1,0,'2018-02-19 21:21:39','2018-02-19 21:21:39','2018-02-19 21:21:41','a15f5a03-38a7-483c-ac66-b12b20be6e84'),
	(7,9,'loek-hertog-501248.jpg','jpg','_1200x675_crop_center-center_82_line',1,1,0,'2018-02-19 21:21:40','2018-02-19 21:21:40','2018-02-19 21:21:41','6d6f5ebc-16ec-4477-8789-a7420c3507b9'),
	(8,7,'john-towner-177554.jpg','jpg','_992x558_crop_center-center_82_line',1,1,0,'2018-02-19 21:21:41','2018-02-19 21:21:41','2018-02-19 21:21:42','8dc6a594-985f-4f49-86ff-f0ee5865b17e'),
	(9,8,'justin-bisson-beck-192842.jpg','jpg','_992x558_crop_center-center_82_line',1,1,0,'2018-02-19 21:21:42','2018-02-19 21:21:42','2018-02-19 21:21:43','39472ace-8f09-4a7c-a1aa-2e74e297066d'),
	(10,9,'loek-hertog-501248.jpg','jpg','_992x558_crop_center-center_82_line',1,1,0,'2018-02-19 21:21:42','2018-02-19 21:21:42','2018-02-19 21:21:44','8c632d1f-dde0-45fa-a4c1-859fa35aa63d'),
	(11,7,'john-towner-177554.jpg','jpg','_768x576_crop_center-center_60_line',1,1,0,'2018-02-19 21:21:43','2018-02-19 21:21:43','2018-02-19 21:21:44','4331d810-086f-4e67-8809-f08fd4699d9d'),
	(12,8,'justin-bisson-beck-192842.jpg','jpg','_768x576_crop_center-center_60_line',1,1,0,'2018-02-19 21:21:44','2018-02-19 21:21:44','2018-02-19 21:21:45','5632dfaa-15d6-4962-b4e8-3755e80c7f34'),
	(13,9,'loek-hertog-501248.jpg','jpg','_768x576_crop_center-center_60_line',1,1,0,'2018-02-19 21:21:45','2018-02-19 21:21:45','2018-02-19 21:21:47','ec10039a-65f2-41ab-98c0-2c5d6b16ea1a'),
	(14,7,'john-towner-177554.jpg','jpg','_576x432_crop_center-center_60_line',1,1,0,'2018-02-19 21:21:45','2018-02-19 21:21:45','2018-02-19 21:21:47','d055e28e-6c5f-4367-a12d-5d2878b3d020'),
	(15,8,'justin-bisson-beck-192842.jpg','jpg','_576x432_crop_center-center_60_line',1,1,0,'2018-02-19 21:21:46','2018-02-19 21:21:46','2018-02-19 21:21:48','acd3da7e-b082-4e75-885e-872b542a3b86'),
	(16,9,'loek-hertog-501248.jpg','jpg','_576x432_crop_center-center_60_line',1,1,0,'2018-02-19 21:21:48','2018-02-19 21:21:48','2018-02-19 21:21:49','223ebb1f-7b32-4a7f-98fe-744310105067');

/*!40000 ALTER TABLE `assettransformindex` ENABLE KEYS */;
UNLOCK TABLES;


# Dump of table assettransforms
# ------------------------------------------------------------

DROP TABLE IF EXISTS `assettransforms`;

CREATE TABLE `assettransforms` (
  `id` int(11) NOT NULL AUTO_INCREMENT,
  `name` varchar(255) NOT NULL,
  `handle` varchar(255) NOT NULL,
  `mode` enum('stretch','fit','crop') NOT NULL DEFAULT 'crop',
  `position` enum('top-left','top-center','top-right','center-left','center-center','center-right','bottom-left','bottom-center','bottom-right') NOT NULL DEFAULT 'center-center',
  `width` int(11) unsigned DEFAULT NULL,
  `height` int(11) unsigned DEFAULT NULL,
  `format` varchar(255) DEFAULT NULL,
  `quality` int(11) DEFAULT NULL,
  `interlace` enum('none','line','plane','partition') NOT NULL DEFAULT 'none',
  `dimensionChangeTime` datetime DEFAULT NULL,
  `dateCreated` datetime NOT NULL,
  `dateUpdated` datetime NOT NULL,
  `uid` char(36) NOT NULL DEFAULT '0',
  PRIMARY KEY (`id`),
  UNIQUE KEY `assettransforms_name_unq_idx` (`name`),
  UNIQUE KEY `assettransforms_handle_unq_idx` (`handle`)
) ENGINE=InnoDB DEFAULT CHARSET=utf8;



# Dump of table categories
# ------------------------------------------------------------

DROP TABLE IF EXISTS `categories`;

CREATE TABLE `categories` (
  `id` int(11) NOT NULL,
  `groupId` int(11) NOT NULL,
  `dateCreated` datetime NOT NULL,
  `dateUpdated` datetime NOT NULL,
  `uid` char(36) NOT NULL DEFAULT '0',
  PRIMARY KEY (`id`),
  KEY `categories_groupId_idx` (`groupId`),
  CONSTRAINT `categories_groupId_fk` FOREIGN KEY (`groupId`) REFERENCES `categorygroups` (`id`) ON DELETE CASCADE,
  CONSTRAINT `categories_id_fk` FOREIGN KEY (`id`) REFERENCES `elements` (`id`) ON DELETE CASCADE
) ENGINE=InnoDB DEFAULT CHARSET=utf8;



# Dump of table categorygroups
# ------------------------------------------------------------

DROP TABLE IF EXISTS `categorygroups`;

CREATE TABLE `categorygroups` (
  `id` int(11) NOT NULL AUTO_INCREMENT,
  `structureId` int(11) NOT NULL,
  `fieldLayoutId` int(11) DEFAULT NULL,
  `name` varchar(255) NOT NULL,
  `handle` varchar(255) NOT NULL,
  `dateCreated` datetime NOT NULL,
  `dateUpdated` datetime NOT NULL,
  `uid` char(36) NOT NULL DEFAULT '0',
  PRIMARY KEY (`id`),
  UNIQUE KEY `categorygroups_name_unq_idx` (`name`),
  UNIQUE KEY `categorygroups_handle_unq_idx` (`handle`),
  KEY `categorygroups_structureId_idx` (`structureId`),
  KEY `categorygroups_fieldLayoutId_idx` (`fieldLayoutId`),
  CONSTRAINT `categorygroups_fieldLayoutId_fk` FOREIGN KEY (`fieldLayoutId`) REFERENCES `fieldlayouts` (`id`) ON DELETE SET NULL,
  CONSTRAINT `categorygroups_structureId_fk` FOREIGN KEY (`structureId`) REFERENCES `structures` (`id`) ON DELETE CASCADE
) ENGINE=InnoDB DEFAULT CHARSET=utf8;



# Dump of table categorygroups_sites
# ------------------------------------------------------------

DROP TABLE IF EXISTS `categorygroups_sites`;

CREATE TABLE `categorygroups_sites` (
  `id` int(11) NOT NULL AUTO_INCREMENT,
  `groupId` int(11) NOT NULL,
  `siteId` int(11) NOT NULL,
  `hasUrls` tinyint(1) NOT NULL DEFAULT '1',
  `uriFormat` text,
  `template` varchar(500) DEFAULT NULL,
  `dateCreated` datetime NOT NULL,
  `dateUpdated` datetime NOT NULL,
  `uid` char(36) NOT NULL DEFAULT '0',
  PRIMARY KEY (`id`),
  UNIQUE KEY `categorygroups_sites_groupId_siteId_unq_idx` (`groupId`,`siteId`),
  KEY `categorygroups_sites_siteId_idx` (`siteId`),
  CONSTRAINT `categorygroups_sites_groupId_fk` FOREIGN KEY (`groupId`) REFERENCES `categorygroups` (`id`) ON DELETE CASCADE,
  CONSTRAINT `categorygroups_sites_siteId_fk` FOREIGN KEY (`siteId`) REFERENCES `sites` (`id`) ON DELETE CASCADE ON UPDATE CASCADE
) ENGINE=InnoDB DEFAULT CHARSET=utf8;



# Dump of table content
# ------------------------------------------------------------

DROP TABLE IF EXISTS `content`;

CREATE TABLE `content` (
  `id` int(11) NOT NULL AUTO_INCREMENT,
  `elementId` int(11) NOT NULL,
  `siteId` int(11) NOT NULL,
  `title` varchar(255) DEFAULT NULL,
  `dateCreated` datetime NOT NULL,
  `dateUpdated` datetime NOT NULL,
  `uid` char(36) NOT NULL DEFAULT '0',
  `field_optimizedImages` text,
  `field_teaserDescription` text,
  `field_newWindow` tinyint(1) DEFAULT NULL,
  `field_linkUrl` varchar(255) DEFAULT NULL,
  PRIMARY KEY (`id`),
  UNIQUE KEY `content_elementId_siteId_unq_idx` (`elementId`,`siteId`),
  KEY `content_siteId_idx` (`siteId`),
  KEY `content_title_idx` (`title`),
  CONSTRAINT `content_elementId_fk` FOREIGN KEY (`elementId`) REFERENCES `elements` (`id`) ON DELETE CASCADE,
  CONSTRAINT `content_siteId_fk` FOREIGN KEY (`siteId`) REFERENCES `sites` (`id`) ON DELETE CASCADE ON UPDATE CASCADE
) ENGINE=InnoDB DEFAULT CHARSET=utf8;

LOCK TABLES `content` WRITE;
/*!40000 ALTER TABLE `content` DISABLE KEYS */;

INSERT INTO `content` (`id`, `elementId`, `siteId`, `title`, `dateCreated`, `dateUpdated`, `uid`, `field_optimizedImages`, `field_teaserDescription`, `field_newWindow`, `field_linkUrl`)
VALUES
	(1,1,1,NULL,'2018-02-19 20:35:16','2018-02-19 20:35:16','3b84c685-8207-422c-b63f-406b469b9f4a',NULL,NULL,NULL,NULL),
	(2,2,1,'Home','2018-02-19 20:39:37','2018-02-19 21:21:57','38269114-5ed0-4b84-8547-d774e3fa9abe',NULL,'<p>Volutpat dignissim primis metus ultrices auctor molestie iaculis elit felis imperdiet tortor, semper tempor enim maecenas varius mattis augue phasellus at curabitur, platea nec donec class laoreet ultricies odio nisi inceptos scelerisque.</p>',NULL,NULL),
	(3,3,1,'404','2018-02-19 21:05:21','2018-02-19 21:06:01','683fb4b5-c74b-4592-bf47-6cd2b57493ea',NULL,NULL,NULL,NULL),
	(4,4,1,'503','2018-02-19 21:06:26','2018-02-19 21:06:40','8f083f27-b38d-49b4-9619-602611bdcb34',NULL,NULL,NULL,NULL),
	(5,5,1,'Generic Error','2018-02-19 21:07:22','2018-02-19 21:07:35','3004fba2-8f26-4006-8c69-9c47928ebc23',NULL,NULL,NULL,NULL),
	(6,6,1,'Ali Gooya 527606','2018-02-19 21:20:30','2018-02-19 21:20:30','be4800c0-6293-459c-a781-f88d2e9be30f','{\"optimizedImageUrls\":{\"1200\":\"http://craft.wip/assets/images/_1200x675_crop_center-center_82_line/ali-gooya-527606.jpg\",\"992\":\"http://craft.wip/assets/images/_992x558_crop_center-center_82_line/ali-gooya-527606.jpg\",\"768\":\"http://craft.wip/assets/images/_768x576_crop_center-center_60_line/ali-gooya-527606.jpg\",\"576\":\"http://craft.wip/assets/images/_576x432_crop_center-center_60_line/ali-gooya-527606.jpg\"},\"optimizedWebPImageUrls\":{\"1200\":\"http://craft.wip/assets/images/_1200x675_crop_center-center_82_line/ali-gooya-527606.jpg.webp\",\"992\":\"http://craft.wip/assets/images/_992x558_crop_center-center_82_line/ali-gooya-527606.jpg.webp\",\"768\":\"http://craft.wip/assets/images/_768x576_crop_center-center_60_line/ali-gooya-527606.jpg.webp\",\"576\":\"http://craft.wip/assets/images/_576x432_crop_center-center_60_line/ali-gooya-527606.jpg.webp\"},\"variantSourceWidths\":[\"1200\",\"992\",\"768\",\"576\"],\"focalPoint\":{\"x\":0.5,\"y\":0.5},\"originalImageWidth\":\"2000\",\"originalImageHeight\":\"1333\",\"placeholder\":\"/9j/4AAQSkZJRgABAQEASABIAAD/2wBDABALDA4MChAODQ4SERATGCgaGBYWGDEjJR0oOjM9PDkzODdASFxOQERXRTc4UG1RV19iZ2hnPk1xeXBkeFxlZ2P/2wBDARESEhgVGC8aGi9jQjhCY2NjY2NjY2NjY2NjY2NjY2NjY2NjY2NjY2NjY2NjY2NjY2NjY2NjY2NjY2NjY2NjY2P/wAARCAAJABADASIAAhEBAxEB/8QAFgABAQEAAAAAAAAAAAAAAAAABAIF/8QAHhAAAQUAAgMAAAAAAAAAAAAAAQACAwQRBkEFMXH/xAAVAQEBAAAAAAAAAAAAAAAAAAAAAf/EABYRAQEBAAAAAAAAAAAAAAAAAAEAAv/aAAwDAQACEQMRAD8AmpyORg2SvFnY0hF8lyGWUMfVDK+DC0NB0rM6QZPR+oFHV//Z\",\"placeholderSvg\":\"%3Csvg id=\'svg\' version=\'1.1\' width=\'300\' height=\'168\' style=\'background-color: %23FEFEFE\' xmlns=\'http://www.w3.org/2000/svg\'%3E%3Cpath d=\'M240.385 15.507 C 239.978 16.603%2C239.181 17.810%2C238.613 18.189 C 238.045 18.567%2C237.337 22.617%2C237.040 27.189 L 236.500 35.500 231.812 36.039 C 229.233 36.336%2C226.308 37.291%2C225.312 38.163 C 224.315 39.034%2C221.813 40.289%2C219.750 40.951 C 217.688 41.613%2C216.000 42.770%2C216.000 43.521 C 216.000 44.272%2C215.213 45.475%2C214.250 46.193 C 212.361 47.604%2C208.481 54.000%2C209.515 54.000 C 209.860 54.000%2C209.401 54.742%2C208.494 55.649 C 207.395 56.748%2C207.088 57.999%2C207.574 59.399 C 207.975 60.555%2C208.374 63.750%2C208.460 66.500 C 208.547 69.250%2C209.241 73.300%2C210.002 75.500 C 210.764 77.700%2C211.412 81.637%2C211.443 84.250 C 211.506 89.533%2C210.253 90.266%2C206.115 87.368 C 204.372 86.147%2C200.977 85.665%2C192.642 85.453 C 184.680 85.251%2C179.679 84.575%2C175.120 83.085 C 171.611 81.938%2C167.498 81.000%2C165.980 81.000 C 160.417 81.000%2C143.156 76.867%2C130.254 72.447 C 112.570 66.387%2C96.932 63.481%2C73.500 61.897 C 65.800 61.377%2C58.600 60.890%2C57.500 60.816 C 56.400 60.741%2C50.775 61.205%2C45.000 61.847 C 31.255 63.374%2C9.888 62.366%2C8.000 60.100 C 7.725 59.770%2C5.813 58.720%2C3.750 57.766 L 0.000 56.032 0.000 112.016 L 0.000 168.000 6.833 168.000 C 10.592 168.000%2C13.998 167.669%2C14.402 167.264 C 15.464 166.203%2C21.077 166.066%2C20.427 167.118 C 20.114 167.624%2C46.579 168.000%2C82.500 168.000 C 123.991 168.000%2C144.910 167.663%2C144.500 167.000 C 144.160 166.450%2C144.332 166.000%2C144.882 166.000 C 145.432 166.000%2C146.160 166.450%2C146.500 167.000 C 146.903 167.653%2C173.677 168.000%2C223.559 168.000 L 300.000 168.000 300.000 99.997 L 300.000 31.994 283.750 32.511 C 256.250 33.387%2C245.237 33.972%2C243.469 34.650 C 241.972 35.225%2C241.857 34.785%2C242.490 30.900 C 242.884 28.480%2C243.610 26.073%2C244.103 25.550 C 245.637 23.925%2C245.046 18.618%2C243.040 16.007 C 241.197 13.608%2C241.096 13.589%2C240.385 15.507 M0.000 53.889 C 0.000 54.972%2C3.246 55.551%2C17.500 57.011 C 27.472 58.032%2C29.052 57.959%2C34.405 56.231 L 40.310 54.324 27.405 53.666 C 9.605 52.758%2C0.000 52.836%2C0.000 53.889 M156.500 61.053 C 153.566 61.677%2C153.632 61.749%2C159.500 64.359 C 162.800 65.826%2C166.281 67.471%2C167.236 68.014 C 169.526 69.314%2C175.306 69.303%2C174.500 68.000 C 174.160 67.450%2C172.559 67.000%2C170.941 67.000 C 169.323 67.000%2C168.000 66.564%2C168.000 66.031 C 168.000 65.499%2C167.400 65.293%2C166.667 65.574 C 165.893 65.871%2C165.333 65.405%2C165.333 64.463 C 165.333 62.855%2C168.493 62.923%2C174.368 64.658 C 175.654 65.038%2C176.088 64.787%2C175.761 63.855 C 175.499 63.110%2C174.433 62.582%2C173.392 62.681 C 172.352 62.781%2C168.800 62.312%2C165.500 61.639 C 162.200 60.966%2C158.150 60.702%2C156.500 61.053 M134.000 89.500 C 134.000 90.333%2C133.111 91.000%2C132.000 91.000 C 130.732 91.000%2C130.029 91.640%2C130.079 92.750 C 130.126 93.795%2C130.361 93.997%2C130.662 93.250 C 131.349 91.548%2C134.658 91.666%2C135.330 93.417 C 135.629 94.197%2C135.227 95.083%2C134.437 95.386 C 133.647 95.689%2C133.000 96.604%2C133.000 97.419 C 133.000 98.234%2C132.428 99.260%2C131.729 99.700 C 131.030 100.140%2C129.915 101.738%2C129.250 103.250 C 127.946 106.220%2C127.310 106.485%2C125.000 105.015 C 123.712 104.196%2C123.694 103.748%2C124.872 101.849 C 126.905 98.570%2C127.990 94.163%2C126.857 93.786 C 125.192 93.231%2C127.112 90.000%2C129.107 90.000 C 130.148 90.000%2C131.000 89.550%2C131.000 89.000 C 131.000 88.450%2C131.675 88.000%2C132.500 88.000 C 133.325 88.000%2C134.000 88.675%2C134.000 89.500 M210.300 92.654 C 214.212 94.675%2C215.926 96.804%2C215.968 99.691 C 215.986 100.896%2C216.457 102.165%2C217.016 102.510 C 217.575 102.856%2C217.731 103.627%2C217.362 104.224 C 216.961 104.871%2C217.156 105.021%2C217.845 104.595 C 218.480 104.203%2C219.000 104.359%2C219.000 104.941 C 219.000 106.449%2C217.314 106.252%2C214.509 104.414 C 213.177 103.541%2C211.618 103.118%2C211.044 103.473 C 210.470 103.828%2C210.000 103.416%2C210.000 102.559 C 210.000 101.702%2C209.601 101.000%2C209.114 101.000 C 208.627 101.000%2C205.364 99.088%2C201.864 96.750 L 195.500 92.500 201.000 91.913 C 204.025 91.590%2C206.635 91.253%2C206.800 91.163 C 206.964 91.073%2C208.539 91.744%2C210.300 92.654 \' stroke=\'none\' fill=\'%23C0CFD6\' fill-rule=\'evenodd\'/%3E%3C/svg%3E\",\"colorPalette\":[\"#cfc4c0\",\"#363b39\",\"#8b8078\",\"#a1a4a9\",\"#9b9ba5\"],\"placeholderWidth\":1200,\"placeholderHeight\":675}',NULL,NULL,NULL),
	(7,7,1,'John Towner 177554','2018-02-19 21:21:36','2018-02-19 21:21:36','1e636786-5780-4258-8b64-e7914a71a261','{\"optimizedImageUrls\":{\"1200\":\"http://craft.wip/assets/images/_1200x675_crop_center-center_82_line/john-towner-177554.jpg\",\"992\":\"http://craft.wip/assets/images/_992x558_crop_center-center_82_line/john-towner-177554.jpg\",\"768\":\"http://craft.wip/assets/images/_768x576_crop_center-center_60_line/john-towner-177554.jpg\",\"576\":\"http://craft.wip/assets/images/_576x432_crop_center-center_60_line/john-towner-177554.jpg\"},\"optimizedWebPImageUrls\":{\"1200\":\"http://craft.wip/assets/images/_1200x675_crop_center-center_82_line/john-towner-177554.jpg.webp\",\"992\":\"http://craft.wip/assets/images/_992x558_crop_center-center_82_line/john-towner-177554.jpg.webp\",\"768\":\"http://craft.wip/assets/images/_768x576_crop_center-center_60_line/john-towner-177554.jpg.webp\",\"576\":\"http://craft.wip/assets/images/_576x432_crop_center-center_60_line/john-towner-177554.jpg.webp\"},\"variantSourceWidths\":[\"1200\",\"992\",\"768\",\"576\"],\"focalPoint\":{\"x\":0.5,\"y\":0.5},\"originalImageWidth\":\"2000\",\"originalImageHeight\":\"1334\",\"placeholder\":\"/9j/4AAQSkZJRgABAQEASABIAAD/2wBDABALDA4MChAODQ4SERATGCgaGBYWGDEjJR0oOjM9PDkzODdASFxOQERXRTc4UG1RV19iZ2hnPk1xeXBkeFxlZ2P/2wBDARESEhgVGC8aGi9jQjhCY2NjY2NjY2NjY2NjY2NjY2NjY2NjY2NjY2NjY2NjY2NjY2NjY2NjY2NjY2NjY2NjY2P/wAARCAAJABADASIAAhEBAxEB/8QAFQABAQAAAAAAAAAAAAAAAAAABAX/xAAgEAABAwMFAQAAAAAAAAAAAAABAAIDERIyBBMxQWFy/8QAFQEBAQAAAAAAAAAAAAAAAAAAAQL/xAAVEQEBAAAAAAAAAAAAAAAAAAAAAf/aAAwDAQACEQMRAD8AK6GaNu2wM4qQTVEkj1Juuabuj4qLM5PpJjyelFf/2Q==\",\"placeholderSvg\":\"%3Csvg id=\'svg\' version=\'1.1\' width=\'300\' height=\'168\' style=\'background-color: %23FEFEFE\' xmlns=\'http://www.w3.org/2000/svg\'%3E%3Cpath d=\'M0.236 31.713 L 0.500 63.410 2.809 63.955 C 5.773 64.655%2C5.242 66.595%2C2.193 66.203 L -0.113 65.907 0.193 88.703 L 0.500 111.500 6.750 111.798 C 11.853 112.041%2C13.000 111.811%2C13.000 110.548 C 13.000 108.583%2C14.391 108.561%2C16.000 110.500 C 16.685 111.325%2C17.810 112.000%2C18.500 112.000 C 19.191 112.000%2C20.424 113.006%2C21.241 114.236 C 22.552 116.211%2C22.926 116.306%2C24.439 115.051 C 25.846 113.883%2C26.298 113.865%2C26.969 114.949 C 27.593 115.959%2C28.055 115.765%2C28.933 114.126 C 29.824 112.460%2C30.684 112.113%2C32.790 112.572 C 34.523 112.949%2C35.045 112.838%2C34.238 112.265 C 33.432 111.691%2C33.199 110.256%2C33.592 108.288 C 34.197 105.265%2C34.243 105.243%2C36.104 107.104 C 39.375 110.375%2C41.000 109.538%2C41.000 104.582 C 41.000 98.345%2C40.266 96.895%2C37.463 97.599 C 35.506 98.090%2C34.805 97.539%2C33.074 94.146 C 31.942 91.926%2C31.416 89.861%2C31.907 89.558 C 32.398 89.254%2C33.339 86.753%2C34.000 84.000 C 34.661 81.247%2C35.573 78.764%2C36.028 78.482 C 37.153 77.788%2C38.211 81.421%2C37.860 84.769 C 37.703 86.272%2C37.991 88.176%2C38.500 89.000 C 39.009 89.824%2C39.291 91.787%2C39.126 93.362 C 38.930 95.227%2C39.205 95.992%2C39.913 95.554 C 40.511 95.184%2C41.000 94.009%2C41.000 92.941 C 41.000 91.873%2C41.666 91.000%2C42.481 91.000 C 43.973 91.000%2C44.761 92.975%2C45.475 98.500 C 45.688 100.150%2C45.900 101.725%2C45.946 102.000 C 45.992 102.275%2C46.610 101.375%2C47.320 100.000 C 48.030 98.625%2C49.315 97.619%2C50.175 97.764 C 51.309 97.955%2C51.931 96.853%2C52.435 93.764 C 53.129 89.502%2C53.130 89.501%2C54.529 92.000 C 55.299 93.375%2C55.945 95.288%2C55.965 96.250 C 55.992 97.619%2C56.871 98.000%2C60.000 98.000 C 63.614 98.000%2C64.000 98.245%2C64.000 100.532 C 64.000 102.224%2C64.747 103.365%2C66.250 103.969 C 67.773 104.581%2C67.974 104.894%2C66.872 104.937 C 65.977 104.971%2C64.661 105.704%2C63.947 106.564 C 63.123 107.557%2C61.799 107.916%2C60.324 107.545 C 58.282 107.033%2C58.000 107.323%2C58.000 109.934 C 58.000 112.719%2C57.182 115.412%2C54.722 120.720 C 54.003 122.272%2C54.035 123.928%2C54.827 126.220 C 55.838 129.146%2C55.923 129.203%2C55.619 126.750 C 55.431 125.238%2C55.679 124.000%2C56.170 124.000 C 57.664 124.000%2C58.295 126.940%2C57.108 128.370 C 55.882 129.847%2C56.702 136.000%2C58.125 136.000 C 59.452 136.000%2C59.171 142.776%2C57.809 143.618 C 57.154 144.023%2C56.450 143.850%2C56.244 143.233 C 56.039 142.617%2C55.219 142.362%2C54.423 142.668 C 53.626 142.974%2C52.311 142.673%2C51.499 141.999 C 50.310 141.013%2C49.903 141.088%2C49.405 142.387 C 48.266 145.355%2C47.001 144.043%2C46.864 139.750 C 46.789 137.413%2C46.532 136.519%2C46.292 137.765 C 46.053 139.010%2C45.411 139.754%2C44.865 139.417 C 44.320 139.080%2C43.009 139.587%2C41.952 140.543 C 40.436 141.915%2C38.964 142.156%2C34.975 141.683 C 30.301 141.130%2C29.834 141.271%2C28.799 143.542 C 27.480 146.438%2C25.657 146.583%2C18.793 144.338 C 13.274 142.532%2C11.000 143.657%2C11.000 148.191 C 11.000 149.186%2C10.325 150.000%2C9.500 150.000 C 8.675 150.000%2C7.993 150.788%2C7.985 151.750 C 7.972 153.235%2C7.827 153.274%2C7.026 152.008 C 5.734 149.964%2C4.515 151.519%2C3.215 156.868 C 1.243 164.977%2C3.139 165.987%2C8.044 159.441 C 10.067 156.741%2C11.630 155.415%2C11.877 156.191 C 12.668 158.679%2C16.611 160.271%2C18.526 158.875 C 19.931 157.851%2C24.888 158.488%2C26.270 159.870 C 26.892 160.492%2C28.501 161.000%2C29.847 161.000 C 31.193 161.000%2C34.155 162.525%2C36.429 164.388 L 40.564 167.777 57.282 167.920 C 71.095 168.038%2C74.000 167.817%2C74.000 166.648 C 74.000 165.870%2C74.864 165.007%2C75.920 164.731 C 77.618 164.287%2C77.730 163.780%2C76.882 160.364 C 76.354 158.239%2C75.746 155.009%2C75.531 153.186 C 75.315 151.363%2C74.574 149.191%2C73.884 148.360 C 72.281 146.428%2C74.330 144.871%2C78.000 145.232 C 79.553 145.385%2C80.405 145.009%2C80.250 144.239 C 79.850 142.258%2C82.400 142.809%2C83.768 145.000 C 84.455 146.100%2C85.688 147.000%2C86.508 147.000 C 87.329 147.000%2C88.000 147.640%2C88.000 148.423 C 88.000 149.206%2C89.350 151.196%2C91.000 152.846 C 92.650 154.496%2C94.003 156.443%2C94.006 157.173 C 94.016 159.209%2C99.941 162.317%2C100.589 160.627 C 101.534 158.165%2C106.979 158.861%2C108.229 161.604 C 108.912 163.103%2C109.912 163.864%2C110.766 163.536 C 111.541 163.239%2C112.933 163.930%2C113.858 165.073 L 115.540 167.150 118.178 165.075 C 119.628 163.934%2C121.741 163.000%2C122.873 163.000 C 126.668 163.000%2C127.401 159.505%2C124.881 153.425 C 123.230 149.443%2C122.920 147.680%2C123.729 146.871 C 124.349 146.251%2C124.594 144.276%2C124.287 142.382 C 123.842 139.637%2C124.062 139.000%2C125.459 139.000 C 127.788 139.000%2C130.794 135.207%2C131.572 131.286 C 132.297 127.630%2C134.432 125.271%2C135.480 126.968 C 135.842 127.553%2C136.553 127.776%2C137.060 127.463 C 138.252 126.726%2C142.928 130.118%2C142.969 131.750 C 142.986 132.438%2C143.156 133.000%2C143.346 133.000 C 144.335 133.000%2C150.594 129.516%2C151.174 128.643 C 151.612 127.983%2C152.395 128.083%2C153.411 128.926 C 154.271 129.640%2C155.698 129.946%2C156.582 129.607 C 157.466 129.268%2C160.241 129.898%2C162.749 131.007 C 165.257 132.117%2C167.509 132.824%2C167.754 132.580 C 169.101 131.232%2C166.475 123.312%2C163.876 120.884 C 162.294 119.406%2C161.000 118.041%2C161.000 117.849 C 161.000 117.564%2C165.539 117.611%2C168.142 117.923 C 168.494 117.965%2C169.070 119.141%2C169.420 120.535 C 169.775 121.953%2C171.146 123.485%2C172.528 124.011 C 173.888 124.528%2C175.000 125.595%2C175.000 126.382 C 175.000 128.194%2C178.436 127.437%2C182.240 124.787 C 186.537 121.793%2C191.356 121.405%2C194.696 123.784 C 199.509 127.211%2C201.525 127.049%2C201.353 123.250 C 201.167 119.169%2C201.856 119.183%2C206.411 123.354 C 208.895 125.630%2C210.785 126.573%2C212.286 126.288 C 213.937 125.974%2C214.962 126.652%2C216.317 128.951 C 218.064 131.916%2C220.704 132.276%2C219.600 129.399 C 219.304 128.629%2C219.499 128.000%2C220.031 128.000 C 220.564 128.000%2C221.000 129.581%2C221.000 131.514 C 221.000 133.446%2C221.556 135.917%2C222.235 137.005 C 223.800 139.510%2C219.573 144.250%2C215.774 144.250 C 213.982 144.250%2C213.041 145.053%2C212.189 147.309 C 211.029 150.383%2C209.537 150.311%2C209.513 147.179 C 209.504 146.086%2C208.839 145.614%2C207.606 145.827 C 206.565 146.007%2C205.378 145.611%2C204.968 144.949 C 203.673 142.854%2C202.003 144.976%2C201.930 148.809 C 201.889 150.969%2C201.578 151.875%2C201.180 150.993 C 200.806 150.164%2C199.412 148.258%2C198.082 146.757 C 196.752 145.256%2C194.772 141.307%2C193.681 137.980 L 191.698 131.932 189.126 136.216 C 187.026 139.714%2C186.485 140.133%2C186.180 138.500 C 185.605 135.424%2C184.084 134.275%2C182.882 136.008 C 182.103 137.132%2C181.723 137.192%2C181.341 136.250 C 181.062 135.563%2C180.119 135.000%2C179.245 135.000 C 178.372 135.000%2C176.844 134.264%2C175.850 133.364 C 174.169 131.843%2C173.999 131.860%2C173.439 133.614 C 173.108 134.651%2C172.407 136.571%2C171.881 137.880 C 171.189 139.603%2C171.307 140.706%2C172.310 141.880 C 173.072 142.771%2C173.975 144.288%2C174.317 145.250 C 174.658 146.213%2C175.964 147.014%2C177.219 147.032 C 179.545 147.064%2C183.000 149.117%2C183.000 150.467 C 183.000 150.878%2C182.325 150.955%2C181.500 150.638 C 180.303 150.179%2C180.000 150.977%2C180.000 154.597 C 180.000 160.823%2C181.392 163.191%2C184.580 162.390 C 186.257 161.970%2C187.718 162.340%2C189.015 163.513 C 190.873 165.195%2C190.987 165.165%2C191.902 162.757 C 192.577 160.982%2C193.870 160.059%2C196.327 159.598 C 200.487 158.818%2C202.268 157.037%2C200.958 154.966 C 199.612 152.839%2C199.793 151.983%2C201.454 152.621 C 203.335 153.343%2C207.196 159.874%2C206.453 161.077 C 206.139 161.585%2C205.285 162.000%2C204.554 162.000 C 203.824 162.000%2C203.029 163.350%2C202.787 165.000 C 202.281 168.444%2C202.633 168.642%2C205.171 166.345 C 206.873 164.805%2C207.000 164.805%2C207.000 166.345 C 207.000 169.916%2C208.509 167.748%2C208.651 163.972 C 208.863 158.363%2C209.794 156.077%2C211.072 158.028 C 211.876 159.255%2C212.436 159.048%2C214.445 156.780 C 217.002 153.891%2C218.524 154.960%2C216.751 158.397 C 215.301 161.207%2C217.622 168.559%2C219.473 167.023 C 220.402 166.251%2C221.023 166.229%2C221.470 166.951 C 222.428 168.501%2C224.977 168.224%2C225.639 166.498 C 225.977 165.617%2C225.241 164.196%2C223.858 163.062 C 221.567 161.185%2C221.554 161.090%2C223.401 159.717 C 224.714 158.743%2C224.946 158.085%2C224.151 157.594 C 222.591 156.629%2C222.688 154.000%2C224.284 154.000 C 224.991 154.000%2C226.302 152.763%2C227.197 151.250 C 228.093 149.738%2C230.043 147.375%2C231.530 146.000 C 234.128 143.598%2C234.278 143.574%2C235.367 145.394 C 238.731 151.017%2C240.365 152.136%2C243.242 150.786 C 244.750 150.079%2C245.988 148.889%2C245.992 148.143 C 245.997 147.362%2C246.623 147.025%2C247.468 147.349 C 248.275 147.659%2C249.244 147.414%2C249.621 146.805 C 250.075 146.070%2C250.758 146.316%2C251.652 147.538 C 252.946 149.308%2C253.077 149.294%2C255.059 147.167 C 256.311 145.824%2C256.891 144.233%2C256.538 143.118 C 256.199 142.053%2C256.621 140.730%2C257.542 139.965 C 258.555 139.124%2C258.918 137.808%2C258.545 136.324 C 258.127 134.656%2C258.391 134.000%2C259.481 134.000 C 260.316 134.000%2C261.000 134.450%2C261.000 135.000 C 261.000 135.550%2C261.636 136.000%2C262.413 136.000 C 263.191 136.000%2C265.140 137.786%2C266.745 139.968 C 268.942 142.955%2C269.948 143.652%2C270.812 142.788 C 272.378 141.222%2C276.415 143.422%2C277.881 146.639 C 278.821 148.702%2C279.536 148.998%2C282.742 148.651 C 286.257 148.271%2C286.490 148.038%2C286.345 145.052 C 286.218 142.442%2C286.492 141.984%2C287.845 142.543 C 292.188 144.338%2C292.846 144.215%2C293.174 141.543 C 293.477 139.081%2C293.642 138.998%2C295.500 140.366 C 297.525 141.856%2C297.532 141.904%2C297.924 158.750 C 297.966 160.538%2C298.450 162.000%2C299.000 162.000 C 299.658 162.000%2C300.000 134.341%2C300.000 81.023 L 300.000 0.047 244.564 0.017 L 189.128 -0.012 188.814 3.244 C 188.613 5.332%2C187.962 6.500%2C187.000 6.500 C 186.052 6.500%2C185.307 7.789%2C184.975 10.000 C 184.481 13.294%2C184.408 13.353%2C183.738 11.000 C 183.347 9.625%2C183.021 6.589%2C183.014 4.253 L 183.000 0.007 91.486 0.011 L -0.028 0.015 0.236 31.713 M83.000 3.500 C 83.000 4.325%2C82.464 5.000%2C81.809 5.000 C 81.154 5.000%2C81.456 5.613%2C82.480 6.362 C 84.718 7.998%2C87.259 7.476%2C89.590 4.900 C 91.698 2.572%2C98.000 2.245%2C98.000 4.465 C 98.000 6.198%2C101.025 8.000%2C103.934 8.000 C 105.628 8.000%2C106.000 8.630%2C106.000 11.500 C 106.000 13.425%2C105.550 15.000%2C105.000 15.000 C 104.450 15.000%2C104.000 14.325%2C104.000 13.500 C 104.000 12.675%2C103.550 12.000%2C103.000 12.000 C 102.450 12.000%2C102.000 12.575%2C102.000 13.277 C 102.000 13.980%2C100.599 15.784%2C98.886 17.287 C 95.689 20.093%2C96.172 23.639%2C99.573 22.334 C 100.515 21.972%2C101.000 22.464%2C101.000 23.778 C 101.000 24.874%2C102.138 26.515%2C103.528 27.427 C 106.653 29.474%2C108.427 28.666%2C106.933 25.875 C 106.147 24.406%2C106.188 23.478%2C107.088 22.394 C 108.060 21.222%2C108.049 20.664%2C107.033 19.708 C 106.029 18.763%2C105.650 18.774%2C105.290 19.756 C 104.810 21.064%2C103.000 20.505%2C103.000 19.049 C 103.000 17.888%2C107.510 16.875%2C109.421 17.608 C 110.289 17.941%2C111.000 18.814%2C111.000 19.548 C 111.000 22.094%2C113.280 22.281%2C115.230 19.894 C 116.510 18.327%2C116.996 18.094%2C116.637 19.218 C 115.902 21.516%2C117.463 22.352%2C119.009 20.489 C 120.618 18.550%2C124.408 18.582%2C126.039 20.547 C 127.044 21.758%2C127.494 21.819%2C128.107 20.826 C 129.536 18.514%2C130.501 21.098%2C130.394 26.947 C 130.247 34.910%2C129.395 37.663%2C126.873 38.323 C 124.525 38.937%2C120.083 36.293%2C120.031 34.251 C 120.014 33.564%2C118.154 34.794%2C115.897 36.984 L 111.793 40.966 110.077 38.847 C 108.824 37.299%2C107.233 36.727%2C104.180 36.727 C 101.881 36.727%2C100.000 36.339%2C100.000 35.864 C 100.000 35.389%2C98.907 35.000%2C97.571 35.000 C 96.236 35.000%2C94.468 34.325%2C93.643 33.500 C 92.818 32.675%2C91.436 32.000%2C90.571 32.000 C 89.707 32.000%2C88.981 31.438%2C88.958 30.750 C 88.935 30.063%2C88.072 31.075%2C87.040 33.000 L 85.164 36.500 84.107 33.750 C 82.530 29.649%2C78.045 29.935%2C75.915 34.273 C 73.564 39.059%2C70.000 39.273%2C70.000 34.629 C 70.000 32.698%2C70.450 30.840%2C71.000 30.500 C 72.772 29.405%2C72.064 27.000%2C69.969 27.000 C 68.851 27.000%2C67.668 26.299%2C67.340 25.443 C 67.011 24.586%2C66.137 24.117%2C65.397 24.401 C 64.658 24.685%2C63.617 24.148%2C63.084 23.208 C 62.173 21.601%2C62.039 21.602%2C60.808 23.236 C 59.533 24.928%2C52.015 26.605%2C51.985 25.204 C 51.928 22.599%2C50.022 21.587%2C48.666 23.442 C 47.285 25.331%2C47.238 25.326%2C46.559 23.187 C 46.178 21.984%2C45.446 21.000%2C44.933 21.000 C 44.420 21.000%2C44.000 20.325%2C44.000 19.500 C 44.000 18.675%2C44.639 18.000%2C45.421 18.000 C 46.202 18.000%2C47.126 16.705%2C47.473 15.122 C 48.035 12.564%2C48.640 12.173%2C52.912 11.606 C 55.799 11.223%2C58.436 10.176%2C59.514 8.984 C 62.009 6.227%2C67.506 6.185%2C66.035 8.934 C 64.603 11.611%2C64.639 11.678%2C67.879 12.326 C 70.896 12.929%2C71.912 13.729%2C76.338 18.989 C 77.830 20.762%2C79.646 21.966%2C80.395 21.679 C 81.141 21.392%2C82.932 21.771%2C84.376 22.520 C 86.319 23.528%2C87.020 23.572%2C87.079 22.691 C 87.140 21.773%2C87.269 21.774%2C87.644 22.694 C 87.911 23.350%2C88.676 23.678%2C89.345 23.421 C 90.088 23.136%2C90.648 24.014%2C90.786 25.683 C 91.127 29.800%2C92.323 30.245%2C94.210 26.957 C 95.143 25.330%2C95.478 24.000%2C94.953 24.000 C 94.429 24.000%2C94.000 22.902%2C94.000 21.559 C 94.000 20.216%2C93.550 18.840%2C93.000 18.500 C 92.450 18.160%2C92.000 18.359%2C92.000 18.941 C 92.000 21.042%2C90.024 19.943%2C89.411 17.500 C 89.066 16.125%2C88.382 15.000%2C87.892 15.000 C 87.401 15.000%2C87.000 14.277%2C87.000 13.393 C 87.000 12.375%2C86.450 11.997%2C85.500 12.362 C 84.675 12.678%2C84.000 12.501%2C84.000 11.969 C 84.000 11.436%2C83.051 11.000%2C81.892 11.000 C 80.156 11.000%2C79.891 10.569%2C80.395 8.561 C 80.732 7.220%2C80.534 5.830%2C79.955 5.472 C 79.233 5.026%2C79.270 4.379%2C80.074 3.411 C 81.603 1.569%2C83.000 1.611%2C83.000 3.500 M172.542 13.313 C 172.566 14.860%2C173.241 16.540%2C174.042 17.047 C 176.137 18.372%2C177.000 18.213%2C177.000 16.500 C 177.000 15.675%2C177.563 14.943%2C178.250 14.872 C 178.938 14.802%2C180.551 14.637%2C181.834 14.505 C 184.554 14.225%2C188.105 17.563%2C187.305 19.647 C 187.004 20.432%2C187.516 21.913%2C188.444 22.938 C 190.034 24.695%2C190.000 24.922%2C187.843 26.932 L 185.556 29.063 183.914 26.886 C 182.440 24.932%2C181.931 24.828%2C178.936 25.873 C 176.128 26.851%2C175.460 26.786%2C174.719 25.462 C 174.063 24.290%2C173.503 24.168%2C172.521 24.982 C 171.520 25.813%2C170.710 25.446%2C169.142 23.454 C 166.896 20.598%2C164.550 21.007%2C165.527 24.084 C 165.861 25.138%2C165.692 26.000%2C165.151 26.000 C 164.609 26.000%2C163.981 25.442%2C163.753 24.759 C 163.457 23.871%2C162.834 24.023%2C161.564 25.293 C 160.468 26.389%2C159.047 26.832%2C157.847 26.451 C 156.778 26.112%2C155.310 26.327%2C154.585 26.930 C 153.607 27.742%2C152.941 27.634%2C152.010 26.512 C 151.320 25.681%2C151.035 25.000%2C151.378 25.000 C 151.720 25.000%2C151.022 24.022%2C149.827 22.827 L 147.653 20.653 150.884 17.956 C 153.553 15.728%2C153.829 15.149%2C152.474 14.629 C 150.265 13.781%2C151.111 11.680%2C153.926 11.028 C 155.178 10.737%2C159.870 10.500%2C164.352 10.500 L 172.500 10.500 172.542 13.313 M101.767 53.028 C 101.629 60.490%2C99.783 64.151%2C97.877 60.744 C 97.332 59.770%2C96.296 59.333%2C95.372 59.687 C 94.224 60.128%2C93.896 59.781%2C94.160 58.407 C 94.360 57.371%2C93.730 55.730%2C92.761 54.761 C 90.372 52.372%2C90.547 51.009%2C93.250 50.954 C 94.488 50.928%2C96.400 49.808%2C97.500 48.464 C 100.934 44.269%2C101.911 45.314%2C101.767 53.028 M66.637 73.000 C 68.154 73.000%2C67.745 76.451%2C66.005 78.332 C 64.992 79.428%2C67.885 85.189%2C69.078 84.451 C 69.585 84.138%2C70.000 84.584%2C70.000 85.441 C 70.000 86.298%2C69.619 87.000%2C69.153 87.000 C 68.687 87.000%2C67.817 88.013%2C67.220 89.250 C 66.231 91.301%2C66.129 91.163%2C66.068 87.691 C 66.021 85.076%2C65.638 84.106%2C64.844 84.596 C 63.996 85.120%2C63.846 83.779%2C64.281 79.563 C 64.870 73.859%2C64.856 73.819%2C62.437 74.426 C 59.525 75.157%2C59.128 73.411%2C62.000 72.500 C 63.100 72.151%2C64.061 71.108%2C64.136 70.183 C 64.218 69.171%2C64.445 69.397%2C64.706 70.750 C 64.944 71.988%2C65.813 73.000%2C66.637 73.000 M124.619 102.619 C 126.326 103.048%2C127.278 104.138%2C127.674 106.121 C 127.991 107.704%2C128.644 109.000%2C129.125 109.000 C 129.606 109.000%2C130.000 109.900%2C130.000 111.000 C 130.000 112.100%2C130.450 113.000%2C131.000 113.000 C 131.550 113.000%2C132.000 113.445%2C132.000 113.988 C 132.000 114.532%2C130.988 114.869%2C129.750 114.738 C 127.750 114.526%2C127.469 114.999%2C127.220 119.000 C 126.899 124.163%2C123.139 133.000%2C121.264 133.000 C 120.569 133.000%2C120.000 132.379%2C120.000 131.619 C 120.000 130.673%2C118.848 130.280%2C116.336 130.369 C 112.878 130.493%2C112.593 130.262%2C111.253 126.250 C 109.007 119.526%2C105.991 121.746%2C106.403 129.820 C 106.524 132.182%2C106.257 134.341%2C105.811 134.617 C 105.365 134.892%2C105.000 134.656%2C105.000 134.090 C 105.000 133.525%2C104.381 133.300%2C103.623 133.591 C 102.145 134.158%2C100.473 129.661%2C101.528 127.954 C 101.853 127.429%2C101.641 127.000%2C101.059 127.000 C 100.477 127.000%2C100.000 127.900%2C100.000 129.000 C 100.000 130.100%2C99.550 131.000%2C99.000 131.000 C 98.450 131.000%2C98.000 130.546%2C98.000 129.992 C 98.000 129.394%2C97.186 129.492%2C96.000 130.232 C 94.900 130.919%2C94.000 131.998%2C94.000 132.630 C 94.000 133.262%2C93.152 134.826%2C92.115 136.107 C 90.498 138.103%2C89.999 138.244%2C88.615 137.095 C 87.371 136.063%2C86.676 136.024%2C85.589 136.926 C 83.829 138.387%2C83.412 137.604%2C83.097 132.250 C 82.929 129.395%2C83.255 128.000%2C84.090 128.000 C 84.774 128.000%2C85.071 127.738%2C84.750 127.417 C 84.429 127.096%2C83.868 126.983%2C83.502 127.167 C 83.137 127.350%2C82.232 126.375%2C81.491 125.000 C 80.464 123.093%2C80.016 122.856%2C79.602 124.000 C 79.304 124.825%2C78.595 126.770%2C78.027 128.323 C 76.527 132.423%2C73.590 131.552%2C73.199 126.890 C 72.838 122.599%2C78.638 116.433%2C82.024 117.508 C 83.430 117.954%2C84.425 117.158%2C86.101 114.246 C 88.003 110.941%2C88.724 110.453%2C91.171 110.812 C 94.498 111.300%2C95.691 112.709%2C94.113 114.287 C 92.481 115.919%2C92.740 116.699%2C95.123 117.322 C 97.087 117.835%2C97.206 117.574%2C96.708 113.861 C 96.412 111.652%2C95.344 108.903%2C94.335 107.753 C 92.702 105.891%2C92.687 105.729%2C94.199 106.279 C 95.357 106.701%2C96.102 106.255%2C96.539 104.877 C 96.925 103.661%2C97.747 103.073%2C98.602 103.401 C 99.384 103.701%2C101.177 103.421%2C102.586 102.779 C 104.549 101.884%2C105.595 101.891%2C107.061 102.806 C 109.542 104.355%2C115.080 104.374%2C114.750 102.832 C 114.301 100.736%2C119.078 98.935%2C120.723 100.580 C 121.502 101.359%2C123.256 102.277%2C124.619 102.619 M158.000 143.000 C 158.000 144.100%2C158.388 145.000%2C158.861 145.000 C 159.335 145.000%2C159.527 146.024%2C159.288 147.276 C 158.927 149.163%2C159.325 149.591%2C161.620 149.781 C 163.142 149.907%2C164.739 150.570%2C165.167 151.255 C 166.494 153.373%2C168.201 163.033%2C167.550 164.731 C 166.755 166.802%2C168.891 168.129%2C171.109 166.942 C 172.917 165.974%2C173.055 163.305%2C171.357 162.170 C 169.292 160.790%2C168.281 157.377%2C168.115 151.225 C 168.018 147.610%2C167.605 146.800%2C165.440 145.977 C 164.032 145.442%2C163.159 144.552%2C163.500 144.000 C 163.841 143.448%2C162.939 142.547%2C161.495 141.998 C 158.025 140.679%2C158.000 140.686%2C158.000 143.000 M138.000 153.294 C 138.000 153.730%2C137.229 153.955%2C136.286 153.794 C 135.232 153.613%2C134.419 154.269%2C134.175 155.500 C 133.956 156.600%2C133.154 157.859%2C132.393 158.297 C 130.836 159.194%2C131.345 160.072%2C136.356 165.122 C 138.802 167.587%2C139.988 168.000%2C144.631 168.000 C 150.955 168.000%2C152.293 166.154%2C151.787 158.124 C 151.461 152.952%2C149.919 152.372%2C148.727 156.973 C 148.016 159.717%2C147.756 159.899%2C146.433 158.576 C 145.525 157.668%2C145.170 156.171%2C145.526 154.752 C 146.068 152.593%2C145.812 152.423%2C142.056 152.460 C 139.825 152.482%2C138.000 152.857%2C138.000 153.294 \' stroke=\'none\' fill=\'%23C0CFD6\' fill-rule=\'evenodd\'/%3E%3C/svg%3E\",\"colorPalette\":[\"#576565\",\"#9ca1a1\",\"#879493\",\"#1f3433\",\"#8a989c\"],\"placeholderWidth\":1200,\"placeholderHeight\":675}',NULL,NULL,NULL),
	(8,8,1,'Justin Bisson Beck 192842','2018-02-19 21:21:37','2018-02-19 21:21:37','e2985bf3-f773-4aeb-a9f1-bcc9558893da','{\"optimizedImageUrls\":{\"1200\":\"http://craft.wip/assets/images/_1200x675_crop_center-center_82_line/justin-bisson-beck-192842.jpg\",\"992\":\"http://craft.wip/assets/images/_992x558_crop_center-center_82_line/justin-bisson-beck-192842.jpg\",\"768\":\"http://craft.wip/assets/images/_768x576_crop_center-center_60_line/justin-bisson-beck-192842.jpg\",\"576\":\"http://craft.wip/assets/images/_576x432_crop_center-center_60_line/justin-bisson-beck-192842.jpg\"},\"optimizedWebPImageUrls\":{\"1200\":\"http://craft.wip/assets/images/_1200x675_crop_center-center_82_line/justin-bisson-beck-192842.jpg.webp\",\"992\":\"http://craft.wip/assets/images/_992x558_crop_center-center_82_line/justin-bisson-beck-192842.jpg.webp\",\"768\":\"http://craft.wip/assets/images/_768x576_crop_center-center_60_line/justin-bisson-beck-192842.jpg.webp\",\"576\":\"http://craft.wip/assets/images/_576x432_crop_center-center_60_line/justin-bisson-beck-192842.jpg.webp\"},\"variantSourceWidths\":[\"1200\",\"992\",\"768\",\"576\"],\"focalPoint\":{\"x\":0.5,\"y\":0.5},\"originalImageWidth\":\"2000\",\"originalImageHeight\":\"1333\",\"placeholder\":\"/9j/4AAQSkZJRgABAQEASABIAAD/2wBDABALDA4MChAODQ4SERATGCgaGBYWGDEjJR0oOjM9PDkzODdASFxOQERXRTc4UG1RV19iZ2hnPk1xeXBkeFxlZ2P/2wBDARESEhgVGC8aGi9jQjhCY2NjY2NjY2NjY2NjY2NjY2NjY2NjY2NjY2NjY2NjY2NjY2NjY2NjY2NjY2NjY2NjY2P/wAARCAAJABADASIAAhEBAxEB/8QAFgABAQEAAAAAAAAAAAAAAAAABgQF/8QAIRAAAQQABgMAAAAAAAAAAAAAAQACAwUEERITM1GR4fD/xAAUAQEAAAAAAAAAAAAAAAAAAAAD/8QAFxEBAQEBAAAAAAAAAAAAAAAAAQACEf/aAAwDAQACEQMRAD8Alqrq0eRph3W9luQ8pNDi8VIAJGQMeRnpJJ9IFVcTlu0/PJ90k4MbvRf/2Q==\",\"placeholderSvg\":\"%3Csvg id=\'svg\' version=\'1.1\' width=\'300\' height=\'168\' style=\'background-color: %23FEFEFE\' xmlns=\'http://www.w3.org/2000/svg\'%3E%3Cpath d=\'M73.575 21.878 C 72.441 23.714%2C73.301 33.158%2C74.733 34.590 C 75.509 35.366%2C75.713 36.000%2C75.188 36.000 C 74.663 36.000%2C73.998 36.900%2C73.710 38.000 C 73.423 39.100%2C72.499 40.000%2C71.659 40.000 C 68.916 40.000%2C64.865 38.028%2C65.499 37.002 C 65.839 36.451%2C65.641 36.000%2C65.059 36.000 C 64.477 36.000%2C64.000 35.288%2C64.000 34.417 C 64.000 32.074%2C61.553 33.299%2C61.180 35.828 C 61.005 37.023%2C60.261 38.000%2C59.528 38.000 C 58.115 38.000%2C55.656 43.311%2C55.708 46.250 C 55.732 47.582%2C54.921 48.000%2C52.311 48.000 C 50.280 48.000%2C49.134 47.592%2C49.500 47.000 C 49.840 46.450%2C49.716 46.000%2C49.226 46.000 C 48.375 46.000%2C48.033 44.620%2C47.925 40.750 C 47.855 38.264%2C46.343 38.580%2C45.651 41.225 C 45.106 43.311%2C44.885 43.202%2C42.119 39.493 C 40.497 37.316%2C39.423 35.125%2C39.733 34.623 C 40.046 34.117%2C39.117 33.936%2C37.649 34.216 C 35.389 34.648%2C35.000 34.376%2C35.000 32.361 C 35.000 31.063%2C34.659 30.000%2C34.242 30.000 C 32.964 30.000%2C23.543 35.216%2C22.832 36.317 C 21.682 38.099%2C17.984 38.205%2C18.663 36.437 C 19.557 34.106%2C14.592 35.084%2C12.330 37.684 C 10.148 40.193%2C3.832 42.112%2C5.881 39.644 C 7.369 37.851%2C4.833 35.969%2C1.947 36.724 C 0.288 37.158%2C0.170 40.166%2C0.056 84.999 C -0.041 123.024%2C0.196 132.933%2C1.217 133.406 C 2.233 133.876%2C2.240 134.121%2C1.250 134.583 C 0.324 135.015%2C0.000 139.427%2C0.000 151.580 L -0.000 167.993 128.999 167.981 L 257.997 167.968 256.749 165.951 C 255.734 164.312%2C254.578 163.975%2C250.580 164.153 C 246.489 164.336%2C245.415 164.004%2C244.208 162.186 C 243.409 160.984%2C241.884 160.000%2C240.819 160.000 C 239.754 160.000%2C239.160 159.550%2C239.500 159.000 C 239.853 158.428%2C238.915 157.973%2C237.309 157.937 C 211.703 157.360%2C209.599 157.126%2C201.000 153.906 C 186.327 148.412%2C178.936 149.197%2C177.586 156.394 C 176.986 159.590%2C175.000 161.592%2C175.000 159.000 C 175.000 158.450%2C172.750 158.000%2C170.000 158.000 C 167.250 158.000%2C165.000 157.550%2C165.000 157.000 C 165.000 156.450%2C164.518 156.000%2C163.929 156.000 C 163.339 156.000%2C162.137 155.280%2C161.257 154.399 C 158.749 151.892%2C146.494 152.800%2C142.272 155.806 C 139.740 157.609%2C138.637 157.876%2C137.104 157.056 C 132.835 154.771%2C116.125 157.858%2C116.750 160.817 C 116.887 161.468%2C116.550 162.000%2C116.000 162.000 C 115.450 162.000%2C115.000 161.619%2C115.000 161.153 C 115.000 158.924%2C111.014 156.002%2C107.644 155.761 C 103.628 155.473%2C103.212 154.899%2C105.590 152.925 C 107.572 151.281%2C105.084 149.000%2C101.309 149.000 C 98.370 149.000%2C98.340 150.376%2C101.250 151.780 L 103.500 152.865 101.219 152.932 C 99.964 152.970%2C98.690 153.644%2C98.388 154.430 C 97.583 156.528%2C92.370 158.086%2C89.722 157.021 C 87.724 156.217%2C87.828 156.120%2C90.750 156.063 C 92.538 156.029%2C94.000 155.536%2C94.000 154.969 C 94.000 153.020%2C90.660 152.658%2C87.804 154.298 C 84.839 155.999%2C79.000 155.648%2C79.000 153.768 C 79.000 153.228%2C78.358 153.032%2C77.573 153.334 C 76.191 153.864%2C71.317 152.638%2C67.764 150.866 C 66.809 150.390%2C65.346 150.000%2C64.514 150.000 C 63.681 150.000%2C63.000 149.660%2C63.000 149.244 C 63.000 147.843%2C53.247 144.000%2C49.692 144.000 C 47.018 144.000%2C45.663 144.664%2C44.083 146.750 C 42.183 149.257%2C41.905 149.345%2C40.949 147.750 C 40.373 146.788%2C38.798 146.000%2C37.450 146.000 C 35.720 146.000%2C35.000 145.448%2C35.000 144.122 C 35.000 143.090%2C34.325 141.685%2C33.500 141.000 C 31.202 139.093%2C31.703 138.000%2C34.878 138.000 C 37.760 138.000%2C40.561 135.895%2C39.325 134.658 C 38.963 134.296%2C39.611 134.000%2C40.766 134.000 C 41.921 134.000%2C43.120 134.788%2C43.431 135.750 C 44.713 139.715%2C53.894 141.201%2C61.133 138.614 C 63.212 137.871%2C67.087 137.509%2C70.192 137.766 L 75.619 138.216 76.877 134.017 C 78.036 130.146%2C78.345 129.869%2C80.818 130.483 C 82.293 130.849%2C84.429 132.015%2C85.564 133.074 C 87.586 134.960%2C92.967 135.700%2C94.381 134.286 C 94.773 133.893%2C97.780 133.537%2C101.061 133.494 C 108.332 133.399%2C111.400 131.042%2C111.400 125.552 C 111.400 121.310%2C113.843 119.881%2C115.872 122.935 C 117.423 125.269%2C121.476 125.651%2C125.453 123.839 C 129.041 122.205%2C128.366 120.201%2C123.027 116.646 C 118.740 113.791%2C109.715 114.738%2C112.224 117.779 C 112.926 118.630%2C113.050 119.105%2C112.500 118.835 C 111.950 118.566%2C110.038 117.719%2C108.250 116.953 C 105.992 115.986%2C105.000 114.891%2C105.000 113.364 C 105.000 112.156%2C104.438 110.966%2C103.750 110.720 C 103.063 110.475%2C102.858 109.892%2C103.295 109.425 C 103.733 108.958%2C105.001 109.144%2C106.114 109.839 C 107.446 110.671%2C109.662 110.873%2C112.603 110.432 C 119.332 109.423%2C143.982 110.943%2C143.716 112.351 C 143.443 113.804%2C148.908 114.492%2C150.229 113.171 C 150.877 112.523%2C150.414 111.756%2C148.880 110.936 C 146.633 109.733%2C146.619 109.657%2C148.522 108.913 C 150.957 107.962%2C158.264 107.780%2C160.444 108.617 C 161.730 109.110%2C161.809 109.525%2C160.840 110.693 C 159.001 112.909%2C161.474 113.968%2C168.500 113.975 L 174.500 113.980 169.000 111.379 C 164.357 109.183%2C163.812 108.661%2C165.500 108.025 C 166.657 107.590%2C167.789 107.723%2C168.185 108.340 C 168.660 109.080%2C169.611 109.011%2C171.285 108.115 C 173.132 107.126%2C174.615 107.077%2C177.600 107.906 C 186.046 110.251%2C194.295 108.721%2C189.879 105.628 L 187.555 104.000 190.027 103.985 C 193.807 103.961%2C195.450 102.618%2C193.588 101.073 C 191.976 99.735%2C186.952 100.389%2C183.820 102.344 C 181.561 103.755%2C173.039 101.635%2C171.215 99.209 C 170.508 98.269%2C168.033 96.981%2C165.715 96.347 C 161.981 95.325%2C163.072 95.190%2C175.284 95.163 C 188.529 95.134%2C196.000 93.943%2C196.000 91.862 C 196.000 91.275%2C197.308 91.165%2C199.250 91.588 C 203.424 92.497%2C229.062 92.053%2C230.884 91.040 C 231.645 90.617%2C233.782 90.613%2C235.634 91.030 C 237.485 91.448%2C239.000 91.499%2C239.000 91.145 C 239.000 90.790%2C241.691 90.556%2C244.981 90.623 C 248.270 90.691%2C250.719 90.354%2C250.422 89.873 C 250.125 89.393%2C250.359 89.000%2C250.941 89.000 C 251.523 89.000%2C252.000 88.550%2C252.000 88.000 C 252.000 87.450%2C251.155 87.000%2C250.122 87.000 C 249.090 87.000%2C247.685 86.325%2C247.000 85.500 C 245.810 84.066%2C246.343 83.523%2C248.500 83.971 C 249.050 84.085%2C260.863 84.408%2C274.750 84.689 L 300.000 85.200 300.000 82.100 C 300.000 80.330%2C299.464 78.965%2C298.750 78.919 C 298.063 78.874%2C296.150 78.627%2C294.500 78.369 C 292.850 78.111%2C272.150 77.764%2C248.500 77.599 C 206.208 77.303%2C192.569 76.671%2C190.408 74.908 C 189.114 73.853%2C177.329 70.000%2C175.394 70.000 C 174.654 70.000%2C172.596 69.117%2C170.820 68.037 C 168.191 66.438%2C166.515 66.186%2C161.796 66.679 C 156.841 67.197%2C156.000 67.046%2C156.000 65.642 C 156.000 63.716%2C154.372 63.437%2C153.712 65.250 C 153.108 66.910%2C149.893 65.078%2C148.461 62.258 C 146.761 58.913%2C144.836 56.983%2C143.824 57.609 C 143.301 57.932%2C142.092 57.489%2C141.137 56.624 C 139.536 55.175%2C139.259 55.291%2C137.595 58.108 C 136.078 60.677%2C135.368 61.060%2C133.145 60.508 C 131.690 60.147%2C130.344 59.417%2C130.153 58.884 C 129.940 58.291%2C129.296 58.339%2C128.491 59.008 C 126.383 60.757%2C119.478 57.049%2C119.579 54.221 C 119.623 53.000%2C119.271 52.000%2C118.797 52.000 C 118.323 52.000%2C117.544 50.988%2C117.065 49.750 C 116.225 47.581%2C116.141 47.621%2C114.742 50.858 C 113.367 54.037%2C113.258 54.094%2C112.688 51.914 C 112.103 49.678%2C112.029 49.664%2C110.083 51.425 C 107.539 53.727%2C103.269 52.824%2C102.020 49.720 C 101.397 48.171%2C101.108 47.997%2C101.063 49.143 C 100.979 51.325%2C98.937 52.000%2C92.418 52.000 C 89.438 52.000%2C87.000 52.450%2C87.000 53.000 C 87.000 54.276%2C83.311 54.312%2C82.527 53.044 C 82.202 52.518%2C81.275 52.341%2C80.468 52.651 C 79.661 52.960%2C79.000 52.716%2C79.000 52.107 C 79.000 51.498%2C79.450 51.000%2C80.000 51.000 C 81.511 51.000%2C81.137 45.766%2C79.468 43.559 C 77.432 40.867%2C77.575 38.900%2C79.747 39.733 C 81.396 40.366%2C81.400 40.259%2C79.815 37.841 C 78.892 36.431%2C78.281 34.428%2C78.458 33.389 C 78.634 32.350%2C78.119 30.451%2C77.313 29.169 C 76.507 27.887%2C76.057 26.293%2C76.313 25.627 C 76.924 24.035%2C74.388 20.563%2C73.575 21.878 M220.000 122.027 C 211.929 122.810%2C201.511 125.156%2C200.176 126.491 C 199.836 126.831%2C200.220 127.534%2C201.029 128.054 C 202.324 128.887%2C202.324 129.113%2C201.029 129.946 C 198.329 131.682%2C201.041 132.454%2C210.311 132.588 C 215.365 132.661%2C225.161 133.073%2C232.079 133.503 C 250.937 134.677%2C255.888 132.932%2C249.750 127.275 C 244.704 122.625%2C233.752 120.693%2C220.000 122.027 M137.773 123.750 C 133.050 129.129%2C136.178 134.447%2C143.422 133.352 C 149.267 132.469%2C154.000 130.344%2C154.000 128.602 C 154.000 123.678%2C141.198 119.850%2C137.773 123.750 \' stroke=\'none\' fill=\'%23C0CFD6\' fill-rule=\'evenodd\'/%3E%3C/svg%3E\",\"colorPalette\":[\"#c4c4ce\",\"#1e313e\",\"#658b9f\",\"#674656\",\"#5e5671\"],\"placeholderWidth\":1200,\"placeholderHeight\":675}',NULL,NULL,NULL),
	(9,9,1,'Loek Hertog 501248','2018-02-19 21:21:38','2018-02-19 21:21:38','d894723d-26f8-4db7-abf7-bd22392d0f00','{\"optimizedImageUrls\":{\"1200\":\"http://craft.wip/assets/images/_1200x675_crop_center-center_82_line/loek-hertog-501248.jpg\",\"992\":\"http://craft.wip/assets/images/_992x558_crop_center-center_82_line/loek-hertog-501248.jpg\",\"768\":\"http://craft.wip/assets/images/_768x576_crop_center-center_60_line/loek-hertog-501248.jpg\",\"576\":\"http://craft.wip/assets/images/_576x432_crop_center-center_60_line/loek-hertog-501248.jpg\"},\"optimizedWebPImageUrls\":{\"1200\":\"http://craft.wip/assets/images/_1200x675_crop_center-center_82_line/loek-hertog-501248.jpg.webp\",\"992\":\"http://craft.wip/assets/images/_992x558_crop_center-center_82_line/loek-hertog-501248.jpg.webp\",\"768\":\"http://craft.wip/assets/images/_768x576_crop_center-center_60_line/loek-hertog-501248.jpg.webp\",\"576\":\"http://craft.wip/assets/images/_576x432_crop_center-center_60_line/loek-hertog-501248.jpg.webp\"},\"variantSourceWidths\":[\"1200\",\"992\",\"768\",\"576\"],\"focalPoint\":{\"x\":0.5,\"y\":0.5},\"originalImageWidth\":\"2000\",\"originalImageHeight\":\"1333\",\"placeholder\":\"/9j/4AAQSkZJRgABAQEASABIAAD/2wBDABALDA4MChAODQ4SERATGCgaGBYWGDEjJR0oOjM9PDkzODdASFxOQERXRTc4UG1RV19iZ2hnPk1xeXBkeFxlZ2P/2wBDARESEhgVGC8aGi9jQjhCY2NjY2NjY2NjY2NjY2NjY2NjY2NjY2NjY2NjY2NjY2NjY2NjY2NjY2NjY2NjY2NjY2P/wAARCAAJABADASIAAhEBAxEB/8QAFQABAQAAAAAAAAAAAAAAAAAABQb/xAAjEAABAwIFBQAAAAAAAAAAAAABAgMEABEFEiEicQYTMjSx/8QAFAEBAAAAAAAAAAAAAAAAAAAAA//EABYRAQEBAAAAAAAAAAAAAAAAAAEAIf/aAAwDAQACEQMRAD8ABjNme4gJcym242J1FUeIRpU3D4qIw7iUDaoDLa2lGdMeu7yqq2N4O8j5Rrkobf/Z\",\"placeholderSvg\":\"%3Csvg id=\'svg\' version=\'1.1\' width=\'300\' height=\'168\' style=\'background-color: %23FEFEFE\' xmlns=\'http://www.w3.org/2000/svg\'%3E%3Cpath d=\'M0.000 84.012 L 0.000 168.000 27.250 167.921 C 42.238 167.878%2C53.938 167.615%2C53.250 167.338 C 48.568 165.449%2C55.419 155.762%2C62.357 154.461 C 67.693 153.460%2C75.763 158.726%2C71.437 160.386 C 70.647 160.689%2C70.000 161.582%2C70.000 162.371 C 70.000 163.159%2C68.650 164.275%2C67.000 164.850 C 65.350 165.425%2C64.000 166.369%2C64.000 166.948 C 64.000 168.426%2C111.671 168.363%2C117.574 166.877 C 123.578 165.365%2C124.688 163.474%2C119.041 164.377 C 116.414 164.798%2C114.269 164.638%2C113.455 163.963 C 112.463 163.140%2C111.640 163.360%2C110.156 164.844 C 106.111 168.889%2C95.000 166.330%2C95.000 161.353 C 95.000 160.188%2C94.370 159.941%2C92.561 160.395 C 91.220 160.732%2C89.828 160.531%2C89.469 159.949 C 89.024 159.230%2C88.124 159.323%2C86.657 160.241 C 83.476 162.230%2C78.841 161.807%2C75.561 159.227 L 72.671 156.953 75.478 154.023 C 78.070 151.317%2C78.237 150.674%2C77.648 145.664 C 76.304 134.229%2C84.748 135.923%2C87.926 147.726 C 88.981 151.642%2C92.231 154.054%2C93.558 151.906 C 93.866 151.408%2C96.049 151.000%2C98.410 151.000 C 104.400 151.000%2C108.979 149.181%2C111.958 145.619 C 113.356 143.947%2C115.555 141.662%2C116.845 140.540 C 121.392 136.586%2C123.431 129.831%2C120.855 127.255 C 120.143 126.543%2C119.704 122.124%2C119.692 115.555 C 119.682 109.750%2C119.387 105.000%2C119.037 105.000 C 118.688 105.000%2C118.585 103.425%2C118.810 101.500 C 119.128 98.781%2C118.860 98.000%2C117.609 98.000 C 116.724 98.000%2C116.000 97.325%2C116.000 96.500 C 116.000 94.000%2C114.147 94.815%2C112.474 98.050 C 110.930 101.037%2C111.250 105.000%2C113.036 105.000 C 113.532 105.000%2C113.694 105.634%2C113.396 106.409 C 112.982 107.489%2C112.117 107.607%2C109.701 106.914 C 107.966 106.417%2C105.748 106.263%2C104.773 106.572 C 103.798 106.882%2C103.000 106.685%2C103.000 106.135 C 103.000 105.585%2C103.959 104.830%2C105.132 104.458 C 106.807 103.926%2C106.968 103.594%2C105.882 102.906 C 104.532 102.051%2C104.712 101.880%2C107.236 101.625 C 107.916 101.556%2C108.583 100.600%2C108.719 99.500 C 108.854 98.400%2C108.709 98.065%2C108.397 98.756 C 107.609 100.499%2C105.956 99.279%2C106.651 97.468 C 106.960 96.661%2C106.746 96.000%2C106.175 96.000 C 105.004 96.000%2C102.154 99.777%2C98.494 106.180 C 95.546 111.337%2C95.227 109.301%2C98.018 103.149 C 99.104 100.756%2C99.743 98.393%2C99.437 97.899 C 99.132 97.404%2C99.584 97.000%2C100.441 97.000 C 101.298 97.000%2C102.000 96.550%2C102.000 96.000 C 102.000 94.656%2C100.287 94.727%2C99.434 96.107 C 98.951 96.888%2C98.516 96.836%2C97.957 95.931 C 97.057 94.475%2C88.000 93.630%2C88.000 95.002 C 88.000 95.494%2C86.602 95.409%2C84.893 94.813 C 83.053 94.171%2C81.523 94.101%2C81.143 94.641 C 80.789 95.142%2C78.925 95.581%2C77.000 95.618 C 67.419 95.797%2C67.003 95.906%2C66.921 98.250 C 66.878 99.488%2C66.609 99.919%2C66.324 99.208 C 66.002 98.406%2C65.369 98.251%2C64.653 98.799 C 64.019 99.285%2C62.375 99.349%2C61.000 98.941 C 59.625 98.533%2C59.140 98.155%2C59.921 98.100 C 60.703 98.045%2C62.141 97.277%2C63.117 96.394 C 65.514 94.225%2C76.674 92.215%2C90.821 91.403 C 97.244 91.035%2C102.950 90.391%2C103.500 89.971 C 108.744 85.973%2C117.927 83.657%2C129.500 83.415 C 142.347 83.147%2C145.139 82.884%2C148.902 81.593 C 150.223 81.140%2C154.445 80.483%2C158.285 80.134 L 165.267 79.500 165.077 61.500 C 164.972 51.600%2C164.395 41.475%2C163.793 39.000 C 163.191 36.525%2C162.720 26.738%2C162.747 17.250 L 162.795 0.000 92.397 0.000 C 53.679 0.000%2C22.000 0.163%2C22.000 0.363 C 22.000 0.562%2C22.924 4.438%2C24.053 8.976 C 25.183 13.514%2C25.858 17.475%2C25.553 17.780 C 25.249 18.084%2C25.000 17.808%2C25.000 17.167 C 25.000 16.525%2C24.325 16.000%2C23.500 16.000 C 22.675 16.000%2C22.000 15.550%2C22.000 15.000 C 22.000 14.450%2C22.454 14.000%2C23.008 14.000 C 24.071 14.000%2C22.209 10.013%2C20.603 8.850 C 20.110 8.493%2C19.963 6.615%2C20.277 4.678 C 20.988 0.296%2C20.718 0.185%2C9.134 0.094 L 0.000 0.023 0.000 84.012 M231.429 4.280 C 231.588 6.659%2C232.308 9.706%2C233.029 11.052 C 233.749 12.398%2C234.672 16.425%2C235.078 20.000 C 235.887 27.105%2C239.575 40.937%2C241.065 42.450 C 241.579 42.972%2C242.000 44.549%2C242.000 45.954 C 242.000 47.359%2C243.161 51.657%2C244.581 55.504 C 246.823 61.581%2C247.229 64.570%2C247.674 78.250 C 247.956 86.913%2C247.931 94.000%2C247.619 94.000 C 246.446 94.000%2C244.234 88.322%2C243.533 83.513 C 243.133 80.770%2C242.213 77.379%2C241.488 75.976 C 240.762 74.574%2C239.432 69.843%2C238.531 65.463 C 235.505 50.756%2C233.062 44.054%2C230.494 43.409 C 226.916 42.511%2C224.000 44.589%2C224.000 48.035 C 224.000 50.004%2C223.496 51.000%2C222.500 51.000 C 221.675 51.000%2C221.000 51.498%2C221.000 52.107 C 221.000 52.716%2C221.642 52.968%2C222.427 52.666 C 226.084 51.263%2C226.379 54.190%2C225.093 79.194 C 223.984 100.774%2C224.018 103.446%2C225.418 104.846 C 226.835 106.263%2C227.115 106.227%2C228.425 104.455 C 229.748 102.664%2C229.867 102.938%2C229.839 107.727 C 229.817 111.391%2C230.459 114.007%2C231.986 116.477 C 233.183 118.415%2C233.846 120.000%2C233.459 120.000 C 233.072 120.000%2C233.310 120.669%2C233.989 121.486 C 235.035 122.747%2C240.147 122.968%2C267.611 122.941 C 298.679 122.911%2C300.000 122.833%2C300.000 121.022 C 300.000 118.327%2C297.370 117.796%2C282.588 117.505 C 272.696 117.310%2C268.946 117.592%2C267.232 118.658 C 265.253 119.890%2C264.889 119.874%2C264.375 118.535 C 264.051 117.691%2C262.794 117.000%2C261.581 117.000 C 258.627 117.000%2C254.875 111.975%2C256.140 109.714 C 257.971 106.443%2C266.403 105.000%2C283.682 105.000 L 300.000 105.000 300.000 55.588 L 300.000 6.176 296.000 5.588 C 293.800 5.265%2C290.198 4.735%2C287.994 4.411 C 285.760 4.083%2C283.415 3.003%2C282.691 1.969 C 281.489 0.253%2C279.544 0.110%2C256.266 0.036 L 231.140 -0.044 231.429 4.280 M59.300 100.391 C 60.510 101.145%2C62.625 102.022%2C64.000 102.340 C 65.951 102.791%2C66.548 103.614%2C66.720 106.086 C 66.922 109.007%2C66.805 109.137%2C65.220 107.748 C 60.512 103.623%2C50.326 100.545%2C46.365 102.051 C 44.880 102.616%2C44.000 102.587%2C44.000 101.975 C 44.000 101.439%2C43.295 101.000%2C42.433 101.000 C 41.290 101.000%2C41.033 101.610%2C41.484 103.250 C 42.086 105.437%2C42.060 105.445%2C40.552 103.559 C 38.855 101.437%2C38.587 99.763%2C39.750 98.553 C 40.907 97.350%2C56.822 98.846%2C59.300 100.391 M130.390 101.743 C 129.549 103.077%2C128.963 103.224%2C127.895 102.368 C 126.517 101.263%2C121.500 101.147%2C121.500 102.220 C 121.500 102.525%2C123.525 105.119%2C126.000 107.985 C 128.475 110.851%2C130.860 113.826%2C131.300 114.598 C 131.740 115.369%2C133.250 116.000%2C134.657 116.000 C 136.474 116.000%2C137.054 116.418%2C136.660 117.443 C 136.025 119.099%2C144.980 133.172%2C148.029 135.308 C 150.690 137.171%2C151.963 141.884%2C150.545 144.618 C 149.452 146.727%2C149.432 146.724%2C146.011 143.868 C 141.818 140.368%2C139.139 140.048%2C142.545 143.455 C 143.895 144.805%2C145.000 146.632%2C145.000 147.516 C 145.000 148.639%2C144.141 148.183%2C142.151 146.005 C 139.835 143.468%2C138.806 143.011%2C136.641 143.554 C 134.626 144.060%2C133.129 143.573%2C130.475 141.548 C 126.583 138.580%2C125.133 138.713%2C119.986 142.510 C 117.086 144.650%2C116.909 145.000%2C118.729 145.000 C 119.894 145.000%2C122.184 146.125%2C123.818 147.500 C 125.452 148.875%2C127.178 150.000%2C127.654 150.000 C 128.539 150.000%2C131.004 153.309%2C132.124 156.000 C 132.468 156.825%2C132.339 158.288%2C131.839 159.250 C 131.135 160.604%2C131.334 160.997%2C132.715 160.986 C 136.052 160.961%2C138.980 159.776%2C138.325 158.716 C 137.916 158.056%2C138.303 157.902%2C139.358 158.307 C 141.193 159.011%2C150.558 155.690%2C153.045 153.452 C 153.894 152.687%2C159.069 150.880%2C164.545 149.436 C 174.782 146.736%2C176.975 145.720%2C175.087 144.554 C 173.394 143.508%2C173.797 140.310%2C176.200 135.710 C 177.410 133.395%2C178.290 130.938%2C178.156 130.250 C 178.022 129.563%2C178.382 129.000%2C178.956 129.000 C 179.530 129.000%2C180.000 128.377%2C180.000 127.617 C 180.000 126.856%2C180.809 126.022%2C181.798 125.763 C 184.605 125.029%2C186.601 117.322%2C184.567 115.074 C 183.703 114.119%2C183.158 113.149%2C183.357 112.919 C 184.306 111.820%2C184.988 106.889%2C184.117 107.428 C 183.587 107.755%2C182.868 109.323%2C182.519 110.912 C 181.967 113.426%2C181.359 113.851%2C177.829 114.188 C 173.527 114.598%2C172.904 114.030%2C172.644 109.459 C 172.526 107.367%2C172.110 107.008%2C170.323 107.456 C 168.794 107.839%2C168.011 107.481%2C167.689 106.251 C 167.313 104.809%2C167.212 104.862%2C167.116 106.550 C 167.052 107.678%2C166.460 109.140%2C165.800 109.800 C 164.867 110.733%2C164.933 111.000%2C166.100 111.000 C 166.925 111.000%2C168.089 110.511%2C168.687 109.913 C 169.470 109.130%2C169.964 109.133%2C170.453 109.924 C 170.826 110.528%2C169.751 112.402%2C168.065 114.089 C 164.897 117.257%2C163.440 116.623%2C164.183 112.401 C 164.396 111.185%2C163.600 110.271%2C161.745 109.603 C 158.268 108.350%2C156.323 109.867%2C157.819 112.663 C 158.611 114.142%2C158.240 115.256%2C156.063 117.922 C 152.628 122.131%2C151.282 121.406%2C151.159 115.279 C 151.035 109.110%2C148.500 106.735%2C145.761 110.224 C 144.007 112.460%2C143.949 112.466%2C142.487 110.559 C 140.637 108.145%2C140.582 106.821%2C142.348 107.206 C 143.677 107.496%2C149.341 101.674%2C148.524 100.857 C 148.293 100.626%2C146.281 100.611%2C144.052 100.824 C 140.877 101.126%2C140.000 101.620%2C140.000 103.105 C 140.000 105.773%2C137.507 105.460%2C135.179 102.500 C 132.855 99.545%2C131.874 99.390%2C130.390 101.743 M206.443 153.765 C 205.862 154.169%2C204.802 155.946%2C204.087 157.714 C 202.831 160.819%2C197.335 165.000%2C194.508 165.000 C 193.750 165.000%2C191.863 164.473%2C190.315 163.828 C 186.432 162.212%2C178.581 160.097%2C178.126 160.545 C 176.739 161.914%2C179.867 164.188%2C185.552 165.943 C 190.545 167.486%2C194.936 168.000%2C203.105 168.000 C 213.297 168.000%2C216.768 167.013%2C211.951 165.485 C 210.823 165.126%2C209.993 164.085%2C210.105 163.167 C 210.216 162.250%2C209.963 160.707%2C209.542 159.737 C 209.098 158.716%2C209.280 157.367%2C209.974 156.531 C 212.029 154.055%2C209.207 151.844%2C206.443 153.765 \' stroke=\'none\' fill=\'%23C0CFD6\' fill-rule=\'evenodd\'/%3E%3C/svg%3E\",\"colorPalette\":[\"#48372f\",\"#d3cdc6\",\"#c4a992\",\"#b29077\",\"#858481\"],\"placeholderWidth\":1200,\"placeholderHeight\":675}',NULL,NULL,NULL),
	(10,17,1,'Home','2018-02-19 21:44:59','2018-02-19 21:44:59','e311dc34-00df-4019-9982-c26dcc02de11',NULL,NULL,0,NULL);

/*!40000 ALTER TABLE `content` ENABLE KEYS */;
UNLOCK TABLES;


# Dump of table craftidtokens
# ------------------------------------------------------------

DROP TABLE IF EXISTS `craftidtokens`;

CREATE TABLE `craftidtokens` (
  `id` int(11) NOT NULL AUTO_INCREMENT,
  `userId` int(11) NOT NULL,
  `accessToken` text NOT NULL,
  `expiryDate` datetime DEFAULT NULL,
  `dateCreated` datetime NOT NULL,
  `dateUpdated` datetime NOT NULL,
  `uid` char(36) NOT NULL DEFAULT '0',
  PRIMARY KEY (`id`),
  KEY `craftidtokens_userId_fk` (`userId`),
  CONSTRAINT `craftidtokens_userId_fk` FOREIGN KEY (`userId`) REFERENCES `users` (`id`) ON DELETE CASCADE
) ENGINE=InnoDB DEFAULT CHARSET=utf8;



# Dump of table deprecationerrors
# ------------------------------------------------------------

DROP TABLE IF EXISTS `deprecationerrors`;

CREATE TABLE `deprecationerrors` (
  `id` int(11) NOT NULL AUTO_INCREMENT,
  `key` varchar(255) NOT NULL,
  `fingerprint` varchar(255) NOT NULL,
  `lastOccurrence` datetime NOT NULL,
  `file` varchar(255) NOT NULL,
  `line` smallint(6) unsigned DEFAULT NULL,
  `message` varchar(255) DEFAULT NULL,
  `traces` text,
  `dateCreated` datetime NOT NULL,
  `dateUpdated` datetime NOT NULL,
  `uid` char(36) NOT NULL DEFAULT '0',
  PRIMARY KEY (`id`),
  UNIQUE KEY `deprecationerrors_key_fingerprint_unq_idx` (`key`,`fingerprint`)
) ENGINE=InnoDB DEFAULT CHARSET=utf8;



# Dump of table elementindexsettings
# ------------------------------------------------------------

DROP TABLE IF EXISTS `elementindexsettings`;

CREATE TABLE `elementindexsettings` (
  `id` int(11) NOT NULL AUTO_INCREMENT,
  `type` varchar(255) NOT NULL,
  `settings` text,
  `dateCreated` datetime NOT NULL,
  `dateUpdated` datetime NOT NULL,
  `uid` char(36) NOT NULL DEFAULT '0',
  PRIMARY KEY (`id`),
  UNIQUE KEY `elementindexsettings_type_unq_idx` (`type`)
) ENGINE=InnoDB DEFAULT CHARSET=utf8;

LOCK TABLES `elementindexsettings` WRITE;
/*!40000 ALTER TABLE `elementindexsettings` DISABLE KEYS */;

INSERT INTO `elementindexsettings` (`id`, `type`, `settings`, `dateCreated`, `dateUpdated`, `uid`)
VALUES
	(1,'craft\\elements\\Entry','{\"sources\":{\"section:1\":{\"tableAttributes\":{\"1\":\"type\",\"2\":\"slug\",\"3\":\"postDate\",\"4\":\"link\"}},\"*\":{\"tableAttributes\":{\"1\":\"section\",\"2\":\"postDate\",\"3\":\"expiryDate\",\"4\":\"link\"}},\"single:4\":{\"tableAttributes\":{\"1\":\"postDate\",\"2\":\"expiryDate\",\"3\":\"link\"}},\"section:5\":{\"tableAttributes\":{\"1\":\"type\",\"2\":\"field:21\",\"3\":\"field:20\",\"4\":\"field:22\",\"5\":\"field:19\",\"6\":\"field:18\"}}},\"sourceOrder\":[[\"key\",\"*\"],[\"key\",\"section:1\"],[\"heading\",\"Foutpaginas\"],[\"key\",\"single:4\"],[\"key\",\"single:2\"],[\"key\",\"single:3\"],[\"heading\",\"System\"],[\"key\",\"section:5\"]]}','2018-02-19 21:45:46','2018-02-19 21:45:46','7bfae9ba-e7aa-4b00-b794-99633227efc3');

/*!40000 ALTER TABLE `elementindexsettings` ENABLE KEYS */;
UNLOCK TABLES;


# Dump of table elements
# ------------------------------------------------------------

DROP TABLE IF EXISTS `elements`;

CREATE TABLE `elements` (
  `id` int(11) NOT NULL AUTO_INCREMENT,
  `fieldLayoutId` int(11) DEFAULT NULL,
  `type` varchar(255) NOT NULL,
  `enabled` tinyint(1) NOT NULL DEFAULT '1',
  `archived` tinyint(1) NOT NULL DEFAULT '0',
  `dateCreated` datetime NOT NULL,
  `dateUpdated` datetime NOT NULL,
  `uid` char(36) NOT NULL DEFAULT '0',
  PRIMARY KEY (`id`),
  KEY `elements_fieldLayoutId_idx` (`fieldLayoutId`),
  KEY `elements_type_idx` (`type`),
  KEY `elements_enabled_idx` (`enabled`),
  KEY `elements_archived_dateCreated_idx` (`archived`,`dateCreated`),
  CONSTRAINT `elements_fieldLayoutId_fk` FOREIGN KEY (`fieldLayoutId`) REFERENCES `fieldlayouts` (`id`) ON DELETE SET NULL
) ENGINE=InnoDB DEFAULT CHARSET=utf8;

LOCK TABLES `elements` WRITE;
/*!40000 ALTER TABLE `elements` DISABLE KEYS */;

INSERT INTO `elements` (`id`, `fieldLayoutId`, `type`, `enabled`, `archived`, `dateCreated`, `dateUpdated`, `uid`)
VALUES
	(1,NULL,'craft\\elements\\User',1,0,'2018-02-19 20:35:16','2018-02-19 20:35:16','bff80ccc-ca57-412a-b2a4-492b80338d3b'),
	(2,1,'craft\\elements\\Entry',1,0,'2018-02-19 20:39:37','2018-02-19 21:21:57','46759b9e-d091-4feb-a904-2ef5997ebbcb'),
	(3,7,'craft\\elements\\Entry',1,0,'2018-02-19 21:05:21','2018-02-19 21:06:01','91f89820-046b-436b-ab41-77ff769c95f4'),
	(4,8,'craft\\elements\\Entry',1,0,'2018-02-19 21:06:26','2018-02-19 21:06:40','3d3688cf-1c26-4a58-a0e2-f81cd4017771'),
	(5,9,'craft\\elements\\Entry',1,0,'2018-02-19 21:07:22','2018-02-19 21:07:35','b3f80fcd-4f5e-4626-823b-6cf928f48d57'),
	(6,2,'craft\\elements\\Asset',1,0,'2018-02-19 21:20:30','2018-02-19 21:20:30','fac9cfb3-413c-4a03-b967-a4592043b600'),
	(7,2,'craft\\elements\\Asset',1,0,'2018-02-19 21:21:36','2018-02-19 21:21:36','60649564-21c8-4fb8-bfb0-15436e8784cd'),
	(8,2,'craft\\elements\\Asset',1,0,'2018-02-19 21:21:37','2018-02-19 21:21:37','85c4b5bc-a6fd-4f65-9505-84a1957c097b'),
	(9,2,'craft\\elements\\Asset',1,0,'2018-02-19 21:21:38','2018-02-19 21:21:38','9ceeeaf0-cdc5-4894-8c9d-eff6ce1410d8'),
	(10,3,'craft\\elements\\MatrixBlock',1,0,'2018-02-19 21:21:57','2018-02-19 21:21:57','aad30f9b-b978-4dbb-912b-66ba372d3cd7'),
	(11,3,'craft\\elements\\MatrixBlock',1,0,'2018-02-19 21:21:57','2018-02-19 21:21:57','2e3e921e-2640-40bf-897e-ba1a9059950a'),
	(12,4,'craft\\elements\\MatrixBlock',1,0,'2018-02-19 21:21:57','2018-02-19 21:21:57','eceaf225-9715-499b-8781-484d8730dc5c'),
	(13,4,'craft\\elements\\MatrixBlock',1,0,'2018-02-19 21:21:57','2018-02-19 21:21:57','69f34c18-cf8f-4fe7-9e1c-738b408e319d'),
	(14,4,'craft\\elements\\MatrixBlock',1,0,'2018-02-19 21:21:57','2018-02-19 21:21:57','834e481d-ac4f-45b2-8d57-819c29bba5df'),
	(15,5,'craft\\elements\\MatrixBlock',1,0,'2018-02-19 21:21:57','2018-02-19 21:21:57','22348613-279e-4792-90bd-6229c2b4c623'),
	(16,6,'craft\\elements\\MatrixBlock',1,0,'2018-02-19 21:21:57','2018-02-19 21:21:57','dd37bcd4-101a-4179-90ee-df0e6429f5f3'),
	(17,10,'craft\\elements\\Entry',1,0,'2018-02-19 21:44:59','2018-02-19 21:44:59','f138be7b-f449-4d8f-bfa7-85b98513815a');

/*!40000 ALTER TABLE `elements` ENABLE KEYS */;
UNLOCK TABLES;


# Dump of table elements_sites
# ------------------------------------------------------------

DROP TABLE IF EXISTS `elements_sites`;

CREATE TABLE `elements_sites` (
  `id` int(11) NOT NULL AUTO_INCREMENT,
  `elementId` int(11) NOT NULL,
  `siteId` int(11) NOT NULL,
  `slug` varchar(255) DEFAULT NULL,
  `uri` varchar(255) DEFAULT NULL,
  `enabled` tinyint(1) NOT NULL DEFAULT '1',
  `dateCreated` datetime NOT NULL,
  `dateUpdated` datetime NOT NULL,
  `uid` char(36) NOT NULL DEFAULT '0',
  PRIMARY KEY (`id`),
  UNIQUE KEY `elements_sites_elementId_siteId_unq_idx` (`elementId`,`siteId`),
  UNIQUE KEY `elements_sites_uri_siteId_unq_idx` (`uri`,`siteId`),
  KEY `elements_sites_siteId_idx` (`siteId`),
  KEY `elements_sites_slug_siteId_idx` (`slug`,`siteId`),
  KEY `elements_sites_enabled_idx` (`enabled`),
  CONSTRAINT `elements_sites_elementId_fk` FOREIGN KEY (`elementId`) REFERENCES `elements` (`id`) ON DELETE CASCADE,
  CONSTRAINT `elements_sites_siteId_fk` FOREIGN KEY (`siteId`) REFERENCES `sites` (`id`) ON DELETE CASCADE ON UPDATE CASCADE
) ENGINE=InnoDB DEFAULT CHARSET=utf8;

LOCK TABLES `elements_sites` WRITE;
/*!40000 ALTER TABLE `elements_sites` DISABLE KEYS */;

INSERT INTO `elements_sites` (`id`, `elementId`, `siteId`, `slug`, `uri`, `enabled`, `dateCreated`, `dateUpdated`, `uid`)
VALUES
	(1,1,1,NULL,NULL,1,'2018-02-19 20:35:16','2018-02-19 20:35:16','a866092d-7a13-4ba5-be91-e8641bf51e8f'),
	(2,2,1,'__home__','__home__',1,'2018-02-19 20:39:37','2018-02-19 21:21:57','e2693d91-deda-452d-87be-0ef6521e2ebd'),
	(3,3,1,'404','404',1,'2018-02-19 21:05:21','2018-02-19 21:06:01','21b75d32-4fd3-4441-9d83-747e8907c3ce'),
	(4,4,1,'503','503',1,'2018-02-19 21:06:26','2018-02-19 21:06:40','32dff806-4646-4a83-90f7-26694b4f452b'),
	(5,5,1,'generic-error','error',1,'2018-02-19 21:07:22','2018-02-19 21:07:35','eb1453d5-603b-44b3-93c4-4926234da84b'),
	(6,6,1,NULL,NULL,1,'2018-02-19 21:20:30','2018-02-19 21:20:30','57b85524-fc86-4fe4-bfc6-f046bd297968'),
	(7,7,1,NULL,NULL,1,'2018-02-19 21:21:36','2018-02-19 21:21:36','a4d35b73-cd95-4256-98a9-e0b3ee6ce551'),
	(8,8,1,NULL,NULL,1,'2018-02-19 21:21:37','2018-02-19 21:21:37','553a51a6-3689-4c16-9dfd-802f1c6b80f8'),
	(9,9,1,NULL,NULL,1,'2018-02-19 21:21:38','2018-02-19 21:21:38','9ba7cc77-d8fc-415f-8b07-d94317d757d3'),
	(10,10,1,NULL,NULL,1,'2018-02-19 21:21:57','2018-02-19 21:21:57','2aeca8b7-c448-4947-8f6d-067bc2c15604'),
	(11,11,1,NULL,NULL,1,'2018-02-19 21:21:57','2018-02-19 21:21:57','9c3240ba-e0f0-46de-b86d-0a397cf29303'),
	(12,12,1,NULL,NULL,1,'2018-02-19 21:21:57','2018-02-19 21:21:57','50203c11-ccef-4acd-88dc-b1d89ebb3d47'),
	(13,13,1,NULL,NULL,1,'2018-02-19 21:21:57','2018-02-19 21:21:57','0c71a193-818e-4a6f-a600-578abb25ef16'),
	(14,14,1,NULL,NULL,1,'2018-02-19 21:21:57','2018-02-19 21:21:57','74a5cbe4-ea87-415e-8155-92cadfd4854d'),
	(15,15,1,NULL,NULL,1,'2018-02-19 21:21:57','2018-02-19 21:21:57','44476f64-0b70-43f2-98ce-f06c9597dc8b'),
	(16,16,1,NULL,NULL,1,'2018-02-19 21:21:57','2018-02-19 21:21:57','d2bfb74f-2276-4e66-937b-5a3fcef574b5'),
	(17,17,1,'home',NULL,1,'2018-02-19 21:44:59','2018-02-19 21:45:01','2790fd90-d325-46b4-85c2-a849df69ac43');

/*!40000 ALTER TABLE `elements_sites` ENABLE KEYS */;
UNLOCK TABLES;


# Dump of table entries
# ------------------------------------------------------------

DROP TABLE IF EXISTS `entries`;

CREATE TABLE `entries` (
  `id` int(11) NOT NULL,
  `sectionId` int(11) NOT NULL,
  `typeId` int(11) NOT NULL,
  `authorId` int(11) DEFAULT NULL,
  `postDate` datetime DEFAULT NULL,
  `expiryDate` datetime DEFAULT NULL,
  `dateCreated` datetime NOT NULL,
  `dateUpdated` datetime NOT NULL,
  `uid` char(36) NOT NULL DEFAULT '0',
  PRIMARY KEY (`id`),
  KEY `entries_postDate_idx` (`postDate`),
  KEY `entries_expiryDate_idx` (`expiryDate`),
  KEY `entries_authorId_idx` (`authorId`),
  KEY `entries_sectionId_idx` (`sectionId`),
  KEY `entries_typeId_idx` (`typeId`),
  CONSTRAINT `entries_authorId_fk` FOREIGN KEY (`authorId`) REFERENCES `users` (`id`) ON DELETE CASCADE,
  CONSTRAINT `entries_id_fk` FOREIGN KEY (`id`) REFERENCES `elements` (`id`) ON DELETE CASCADE,
  CONSTRAINT `entries_sectionId_fk` FOREIGN KEY (`sectionId`) REFERENCES `sections` (`id`) ON DELETE CASCADE,
  CONSTRAINT `entries_typeId_fk` FOREIGN KEY (`typeId`) REFERENCES `entrytypes` (`id`) ON DELETE CASCADE
) ENGINE=InnoDB DEFAULT CHARSET=utf8;

LOCK TABLES `entries` WRITE;
/*!40000 ALTER TABLE `entries` DISABLE KEYS */;

INSERT INTO `entries` (`id`, `sectionId`, `typeId`, `authorId`, `postDate`, `expiryDate`, `dateCreated`, `dateUpdated`, `uid`)
VALUES
	(2,1,1,1,'2018-02-19 20:39:00',NULL,'2018-02-19 20:39:37','2018-02-19 21:21:57','5b49caf1-7db2-4a48-a5e8-667ed9336cde'),
	(3,2,2,NULL,'2018-02-19 21:05:21',NULL,'2018-02-19 21:05:21','2018-02-19 21:06:01','2535114a-8af4-4c5e-a749-7aeab8f4c83d'),
	(4,3,3,NULL,'2018-02-19 21:06:26',NULL,'2018-02-19 21:06:26','2018-02-19 21:06:40','c94211a9-2c8e-451d-aa43-affd63ee8d59'),
	(5,4,4,NULL,'2018-02-19 21:07:22',NULL,'2018-02-19 21:07:22','2018-02-19 21:07:35','f0674a8a-fd28-4640-87a5-fe7c005884ab'),
	(17,5,5,1,'2018-02-19 21:44:59',NULL,'2018-02-19 21:44:59','2018-02-19 21:44:59','bfecf353-f5d5-4daf-b7cd-c7a44b55ebb7');

/*!40000 ALTER TABLE `entries` ENABLE KEYS */;
UNLOCK TABLES;


# Dump of table entrydrafts
# ------------------------------------------------------------

DROP TABLE IF EXISTS `entrydrafts`;

CREATE TABLE `entrydrafts` (
  `id` int(11) NOT NULL AUTO_INCREMENT,
  `entryId` int(11) NOT NULL,
  `sectionId` int(11) NOT NULL,
  `creatorId` int(11) NOT NULL,
  `siteId` int(11) NOT NULL,
  `name` varchar(255) NOT NULL,
  `notes` text,
  `data` mediumtext NOT NULL,
  `dateCreated` datetime NOT NULL,
  `dateUpdated` datetime NOT NULL,
  `uid` char(36) NOT NULL DEFAULT '0',
  PRIMARY KEY (`id`),
  KEY `entrydrafts_sectionId_idx` (`sectionId`),
  KEY `entrydrafts_entryId_siteId_idx` (`entryId`,`siteId`),
  KEY `entrydrafts_siteId_idx` (`siteId`),
  KEY `entrydrafts_creatorId_idx` (`creatorId`),
  CONSTRAINT `entrydrafts_creatorId_fk` FOREIGN KEY (`creatorId`) REFERENCES `users` (`id`) ON DELETE CASCADE,
  CONSTRAINT `entrydrafts_entryId_fk` FOREIGN KEY (`entryId`) REFERENCES `entries` (`id`) ON DELETE CASCADE,
  CONSTRAINT `entrydrafts_sectionId_fk` FOREIGN KEY (`sectionId`) REFERENCES `sections` (`id`) ON DELETE CASCADE,
  CONSTRAINT `entrydrafts_siteId_fk` FOREIGN KEY (`siteId`) REFERENCES `sites` (`id`) ON DELETE CASCADE ON UPDATE CASCADE
) ENGINE=InnoDB DEFAULT CHARSET=utf8;



# Dump of table entrytypes
# ------------------------------------------------------------

DROP TABLE IF EXISTS `entrytypes`;

CREATE TABLE `entrytypes` (
  `id` int(11) NOT NULL AUTO_INCREMENT,
  `sectionId` int(11) NOT NULL,
  `fieldLayoutId` int(11) DEFAULT NULL,
  `name` varchar(255) NOT NULL,
  `handle` varchar(255) NOT NULL,
  `hasTitleField` tinyint(1) NOT NULL DEFAULT '1',
  `titleLabel` varchar(255) DEFAULT 'Title',
  `titleFormat` varchar(255) DEFAULT NULL,
  `sortOrder` smallint(6) unsigned DEFAULT NULL,
  `dateCreated` datetime NOT NULL,
  `dateUpdated` datetime NOT NULL,
  `uid` char(36) NOT NULL DEFAULT '0',
  PRIMARY KEY (`id`),
  UNIQUE KEY `entrytypes_name_sectionId_unq_idx` (`name`,`sectionId`),
  UNIQUE KEY `entrytypes_handle_sectionId_unq_idx` (`handle`,`sectionId`),
  KEY `entrytypes_sectionId_idx` (`sectionId`),
  KEY `entrytypes_fieldLayoutId_idx` (`fieldLayoutId`),
  CONSTRAINT `entrytypes_fieldLayoutId_fk` FOREIGN KEY (`fieldLayoutId`) REFERENCES `fieldlayouts` (`id`) ON DELETE SET NULL,
  CONSTRAINT `entrytypes_sectionId_fk` FOREIGN KEY (`sectionId`) REFERENCES `sections` (`id`) ON DELETE CASCADE
) ENGINE=InnoDB DEFAULT CHARSET=utf8;

LOCK TABLES `entrytypes` WRITE;
/*!40000 ALTER TABLE `entrytypes` DISABLE KEYS */;

INSERT INTO `entrytypes` (`id`, `sectionId`, `fieldLayoutId`, `name`, `handle`, `hasTitleField`, `titleLabel`, `titleFormat`, `sortOrder`, `dateCreated`, `dateUpdated`, `uid`)
VALUES
	(1,1,1,'Content Page','contentPage',1,'Title',NULL,1,'2018-02-19 20:39:21','2018-02-19 21:04:11','61f1fb8a-a31e-424a-a094-0bb848c53bf9'),
	(2,2,7,'404','notFound',1,'Title',NULL,1,'2018-02-19 21:05:21','2018-02-19 21:06:00','e21494a3-47f6-4ec6-b09b-0e7438ec3900'),
	(3,3,8,'503','serviceUnavailable',1,'Title',NULL,1,'2018-02-19 21:06:26','2018-02-19 21:06:40','e15b0eea-1d26-4fd9-ac19-e5e047b53f84'),
	(4,4,9,'Generic Error','genericError',1,'Title',NULL,1,'2018-02-19 21:07:22','2018-02-19 21:07:35','893cf2f0-dd57-4b2f-896d-10c437f9cb67'),
	(5,5,10,'Entry','entry',1,'Title',NULL,1,'2018-02-19 21:36:47','2018-02-19 21:43:14','4c312fe8-a124-4011-9369-158f036a5037'),
	(6,5,11,'Custom','custom',1,'Title',NULL,2,'2018-02-19 21:43:39','2018-02-19 21:43:39','57b31956-0182-4d9c-9db7-6e593664cc4b'),
	(7,5,12,'Category','category',1,'Title',NULL,3,'2018-02-19 21:43:56','2018-02-19 21:43:56','bd55a401-068b-4823-9d8f-341c91de82ab'),
	(8,5,13,'Asset','asset',1,'Title',NULL,4,'2018-02-19 21:44:13','2018-02-19 21:44:13','597f54bd-e71d-42b8-a345-42c71e1fabfa');

/*!40000 ALTER TABLE `entrytypes` ENABLE KEYS */;
UNLOCK TABLES;


# Dump of table entryversions
# ------------------------------------------------------------

DROP TABLE IF EXISTS `entryversions`;

CREATE TABLE `entryversions` (
  `id` int(11) NOT NULL AUTO_INCREMENT,
  `entryId` int(11) NOT NULL,
  `sectionId` int(11) NOT NULL,
  `creatorId` int(11) DEFAULT NULL,
  `siteId` int(11) NOT NULL,
  `num` smallint(6) unsigned NOT NULL,
  `notes` text,
  `data` mediumtext NOT NULL,
  `dateCreated` datetime NOT NULL,
  `dateUpdated` datetime NOT NULL,
  `uid` char(36) NOT NULL DEFAULT '0',
  PRIMARY KEY (`id`),
  KEY `entryversions_sectionId_idx` (`sectionId`),
  KEY `entryversions_entryId_siteId_idx` (`entryId`,`siteId`),
  KEY `entryversions_siteId_idx` (`siteId`),
  KEY `entryversions_creatorId_idx` (`creatorId`),
  CONSTRAINT `entryversions_creatorId_fk` FOREIGN KEY (`creatorId`) REFERENCES `users` (`id`) ON DELETE SET NULL,
  CONSTRAINT `entryversions_entryId_fk` FOREIGN KEY (`entryId`) REFERENCES `entries` (`id`) ON DELETE CASCADE,
  CONSTRAINT `entryversions_sectionId_fk` FOREIGN KEY (`sectionId`) REFERENCES `sections` (`id`) ON DELETE CASCADE,
  CONSTRAINT `entryversions_siteId_fk` FOREIGN KEY (`siteId`) REFERENCES `sites` (`id`) ON DELETE CASCADE ON UPDATE CASCADE
) ENGINE=InnoDB DEFAULT CHARSET=utf8;

LOCK TABLES `entryversions` WRITE;
/*!40000 ALTER TABLE `entryversions` DISABLE KEYS */;

INSERT INTO `entryversions` (`id`, `entryId`, `sectionId`, `creatorId`, `siteId`, `num`, `notes`, `data`, `dateCreated`, `dateUpdated`, `uid`)
VALUES
	(1,2,1,1,1,1,'','{\"typeId\":\"1\",\"authorId\":\"1\",\"title\":\"Home\",\"slug\":\"__home__\",\"postDate\":1519072777,\"expiryDate\":null,\"enabled\":true,\"newParentId\":\"\",\"fields\":[]}','2018-02-19 20:39:37','2018-02-19 20:39:37','3e7399ed-f292-43d8-9765-327f9dc90d2e'),
	(2,2,1,1,1,2,'','{\"typeId\":\"1\",\"authorId\":\"1\",\"title\":\"Home\",\"slug\":\"__home__\",\"postDate\":1519072740,\"expiryDate\":null,\"enabled\":true,\"newParentId\":\"\",\"fields\":{\"2\":{\"10\":{\"type\":\"text\",\"enabled\":true,\"collapsed\":false,\"fields\":{\"body\":\"<p>Himenaeos bibendum ad quis malesuada sem sagittis non at, lobortis id sed elementum erat aenean dictum, integer iaculis curabitur vivamus consectetur proin facilisis. A at massa est risus integer mauris aliquam ante fringilla placerat ridiculus aptent, semper rhoncus habitasse vulputate fermentum euismod sem sociis inceptos imperdiet phasellus, potenti vehicula eu neque egestas eros suspendisse praesent faucibus torquent non. Fusce maecenas tortor justo eu erat nam adipiscing leo quam, ultricies sociosqu orci felis platea et at aenean lorem, inceptos velit nostra torquent phasellus vulputate sem tincidunt. Elit ante tortor justo eros quam, facilisis blandit ac phasellus erat nibh, orci curae est rhoncus. Et a potenti nam sociis natoque tortor taciti netus, cursus quis nostra fusce molestie ullamcorper aptent, odio torquent mollis etiam aliquet massa suscipit.</p>\",\"position\":\"left\",\"width\":\"1/2\"}},\"11\":{\"type\":\"text\",\"enabled\":true,\"collapsed\":false,\"fields\":{\"body\":\"<p>Himenaeos bibendum ad quis malesuada sem sagittis non at, lobortis id sed elementum erat aenean dictum, integer iaculis curabitur vivamus consectetur proin facilisis. A at massa est risus integer mauris aliquam ante fringilla placerat ridiculus aptent, semper rhoncus habitasse vulputate fermentum euismod sem sociis inceptos imperdiet phasellus, potenti vehicula eu neque egestas eros suspendisse praesent faucibus torquent non. Fusce maecenas tortor justo eu erat nam adipiscing leo quam, ultricies sociosqu orci felis platea et at aenean lorem, inceptos velit nostra torquent phasellus vulputate sem tincidunt. Elit ante tortor justo eros quam, facilisis blandit ac phasellus erat nibh, orci curae est rhoncus. Et a potenti nam sociis natoque tortor taciti netus, cursus quis nostra fusce molestie ullamcorper aptent, odio torquent mollis etiam aliquet massa suscipit.</p>\",\"position\":\"right\",\"width\":\"1/2\"}},\"12\":{\"type\":\"image\",\"enabled\":true,\"collapsed\":false,\"fields\":{\"asset\":[\"6\"],\"caption\":\"\",\"lightbox\":false,\"position\":\"left\",\"width\":\"1/3\"}},\"13\":{\"type\":\"image\",\"enabled\":true,\"collapsed\":false,\"fields\":{\"asset\":[\"6\"],\"caption\":\"With lightbox & caption\",\"lightbox\":true,\"position\":\"right\",\"width\":\"2/3\"}},\"14\":{\"type\":\"image\",\"enabled\":true,\"collapsed\":false,\"fields\":{\"asset\":[\"6\"],\"caption\":\"Full\",\"lightbox\":false,\"position\":\"full\",\"width\":\"full\"}},\"15\":{\"type\":\"quote\",\"enabled\":true,\"collapsed\":false,\"fields\":{\"quote\":\"An awesome quote\",\"author\":\"me\",\"position\":\"center\",\"width\":\"full\"}},\"16\":{\"type\":\"gallery\",\"enabled\":true,\"collapsed\":false,\"fields\":{\"assets\":[\"6\",\"7\",\"8\",\"9\"]}}},\"16\":\"<p>Volutpat dignissim primis metus ultrices auctor molestie iaculis elit felis imperdiet tortor, semper tempor enim maecenas varius mattis augue phasellus at curabitur, platea nec donec class laoreet ultricies odio nisi inceptos scelerisque.</p>\",\"17\":[\"6\"]}}','2018-02-19 21:21:57','2018-02-19 21:21:57','1e197b15-2eff-4c7f-8e54-30219152c893');

/*!40000 ALTER TABLE `entryversions` ENABLE KEYS */;
UNLOCK TABLES;


# Dump of table fieldgroups
# ------------------------------------------------------------

DROP TABLE IF EXISTS `fieldgroups`;

CREATE TABLE `fieldgroups` (
  `id` int(11) NOT NULL AUTO_INCREMENT,
  `name` varchar(255) NOT NULL,
  `dateCreated` datetime NOT NULL,
  `dateUpdated` datetime NOT NULL,
  `uid` char(36) NOT NULL DEFAULT '0',
  PRIMARY KEY (`id`),
  UNIQUE KEY `fieldgroups_name_unq_idx` (`name`)
) ENGINE=InnoDB DEFAULT CHARSET=utf8;

LOCK TABLES `fieldgroups` WRITE;
/*!40000 ALTER TABLE `fieldgroups` DISABLE KEYS */;

INSERT INTO `fieldgroups` (`id`, `name`, `dateCreated`, `dateUpdated`, `uid`)
VALUES
	(2,'Page','2018-02-19 20:40:09','2018-02-19 20:40:09','a5394e36-c5da-4690-813f-bbb839bdbb0e'),
	(3,'Common','2018-02-19 20:48:19','2018-02-19 20:48:19','2339f388-7cbe-4547-ba61-c4a0bfcd16dc'),
	(4,'Teaser','2018-02-19 20:57:04','2018-02-19 20:57:04','3e8e6e1e-d8a8-4001-9310-ddd73a81cb80'),
	(5,'Navigation','2018-02-19 21:36:58','2018-02-19 21:36:58','451793b3-24ac-4892-a34d-0c2d23c9e886');

/*!40000 ALTER TABLE `fieldgroups` ENABLE KEYS */;
UNLOCK TABLES;


# Dump of table fieldlayoutfields
# ------------------------------------------------------------

DROP TABLE IF EXISTS `fieldlayoutfields`;

CREATE TABLE `fieldlayoutfields` (
  `id` int(11) NOT NULL AUTO_INCREMENT,
  `layoutId` int(11) NOT NULL,
  `tabId` int(11) NOT NULL,
  `fieldId` int(11) NOT NULL,
  `required` tinyint(1) NOT NULL DEFAULT '0',
  `sortOrder` smallint(6) unsigned DEFAULT NULL,
  `dateCreated` datetime NOT NULL,
  `dateUpdated` datetime NOT NULL,
  `uid` char(36) NOT NULL DEFAULT '0',
  PRIMARY KEY (`id`),
  UNIQUE KEY `fieldlayoutfields_layoutId_fieldId_unq_idx` (`layoutId`,`fieldId`),
  KEY `fieldlayoutfields_sortOrder_idx` (`sortOrder`),
  KEY `fieldlayoutfields_tabId_idx` (`tabId`),
  KEY `fieldlayoutfields_fieldId_idx` (`fieldId`),
  CONSTRAINT `fieldlayoutfields_fieldId_fk` FOREIGN KEY (`fieldId`) REFERENCES `fields` (`id`) ON DELETE CASCADE,
  CONSTRAINT `fieldlayoutfields_layoutId_fk` FOREIGN KEY (`layoutId`) REFERENCES `fieldlayouts` (`id`) ON DELETE CASCADE,
  CONSTRAINT `fieldlayoutfields_tabId_fk` FOREIGN KEY (`tabId`) REFERENCES `fieldlayouttabs` (`id`) ON DELETE CASCADE
) ENGINE=InnoDB DEFAULT CHARSET=utf8;

LOCK TABLES `fieldlayoutfields` WRITE;
/*!40000 ALTER TABLE `fieldlayoutfields` DISABLE KEYS */;

INSERT INTO `fieldlayoutfields` (`id`, `layoutId`, `tabId`, `fieldId`, `required`, `sortOrder`, `dateCreated`, `dateUpdated`, `uid`)
VALUES
	(1,2,1,1,0,1,'2018-02-19 20:49:20','2018-02-19 20:49:20','182d223b-e61d-440b-9c4d-199c5782eb08'),
	(6,3,4,3,1,1,'2018-02-19 20:55:37','2018-02-19 20:55:37','3810add9-bdeb-488d-b9e9-7090bf683c1d'),
	(7,3,4,4,1,2,'2018-02-19 20:55:37','2018-02-19 20:55:37','f8a00f7d-fe59-4d48-96c1-42249607b12a'),
	(8,3,4,5,1,3,'2018-02-19 20:55:37','2018-02-19 20:55:37','46934ef3-d488-44b0-8761-69397da9c227'),
	(9,4,5,6,1,1,'2018-02-19 20:55:37','2018-02-19 20:55:37','09f6d8cb-d69c-4b66-b85d-b763fb313198'),
	(10,4,5,7,0,2,'2018-02-19 20:55:37','2018-02-19 20:55:37','d6ac2558-da36-42f7-9a69-8cd18715fc1e'),
	(11,4,5,8,0,3,'2018-02-19 20:55:37','2018-02-19 20:55:37','c3dd25e4-c7de-490a-a1a4-95a759276e31'),
	(12,4,5,9,1,4,'2018-02-19 20:55:37','2018-02-19 20:55:37','6414e445-c487-49be-8b9c-2a03d12758d7'),
	(13,4,5,10,1,5,'2018-02-19 20:55:37','2018-02-19 20:55:37','9d97b618-d043-43fe-8788-3cff877533fd'),
	(14,5,6,11,1,1,'2018-02-19 20:55:38','2018-02-19 20:55:38','29df306d-4fb9-4c67-b285-338efbfe7b68'),
	(15,5,6,12,1,2,'2018-02-19 20:55:38','2018-02-19 20:55:38','e0f3ecc8-eee4-40b8-ac5a-a45099294b19'),
	(16,5,6,13,1,3,'2018-02-19 20:55:38','2018-02-19 20:55:38','30640077-d7f0-4975-925b-a98709249728'),
	(17,5,6,14,1,4,'2018-02-19 20:55:38','2018-02-19 20:55:38','e9706fc1-ec49-4419-889b-880145dd12ff'),
	(18,6,7,15,1,1,'2018-02-19 20:55:38','2018-02-19 20:55:38','ded832d1-acec-493f-a6a9-1a3614446331'),
	(22,1,10,2,0,1,'2018-02-19 21:04:11','2018-02-19 21:04:11','1bf4f107-7e52-45ef-a8a5-b06139cfff43'),
	(23,1,11,17,1,1,'2018-02-19 21:04:11','2018-02-19 21:04:11','38379a0a-1f11-4905-98dc-3ce12e29310f'),
	(24,1,11,16,1,2,'2018-02-19 21:04:11','2018-02-19 21:04:11','e7415c67-e178-49cd-a7dd-353f4cd09734'),
	(25,7,12,2,0,1,'2018-02-19 21:06:00','2018-02-19 21:06:00','9a8bcb75-240c-406b-8bb6-a423473ec807'),
	(26,8,13,2,0,1,'2018-02-19 21:06:40','2018-02-19 21:06:40','342e865b-de0b-434a-a151-2cfc077b8d10'),
	(27,9,14,2,0,1,'2018-02-19 21:07:35','2018-02-19 21:07:35','9a9c0981-b351-4460-b9a3-51fe6640fb0d'),
	(28,10,15,20,1,1,'2018-02-19 21:43:14','2018-02-19 21:43:14','650a3006-1b54-49f9-86b8-ac8a3fd929b8'),
	(29,10,15,21,0,2,'2018-02-19 21:43:14','2018-02-19 21:43:14','331654d2-0e4d-4708-8b8f-9e4a86194e7f'),
	(30,11,16,22,1,1,'2018-02-19 21:43:39','2018-02-19 21:43:39','5674fbfd-ea73-4823-a498-8c39f7ef21d5'),
	(31,11,16,21,0,2,'2018-02-19 21:43:39','2018-02-19 21:43:39','af65f47e-d1c8-4b8f-b1bc-3cc150cd647f'),
	(32,12,17,19,1,1,'2018-02-19 21:43:56','2018-02-19 21:43:56','8df19a09-3976-4373-a2c6-b994940b2ea3'),
	(33,12,17,21,0,2,'2018-02-19 21:43:56','2018-02-19 21:43:56','8583fff2-95c7-4bd5-a10e-e2738c8e3434'),
	(34,13,18,18,1,1,'2018-02-19 21:44:13','2018-02-19 21:44:13','5d23b87a-46b2-47de-88df-a8d1a4b3bd54'),
	(35,13,18,21,0,2,'2018-02-19 21:44:13','2018-02-19 21:44:13','d7a64a4a-fa66-43b9-9be8-5d369d6f43c3');

/*!40000 ALTER TABLE `fieldlayoutfields` ENABLE KEYS */;
UNLOCK TABLES;


# Dump of table fieldlayouts
# ------------------------------------------------------------

DROP TABLE IF EXISTS `fieldlayouts`;

CREATE TABLE `fieldlayouts` (
  `id` int(11) NOT NULL AUTO_INCREMENT,
  `type` varchar(255) NOT NULL,
  `dateCreated` datetime NOT NULL,
  `dateUpdated` datetime NOT NULL,
  `uid` char(36) NOT NULL DEFAULT '0',
  PRIMARY KEY (`id`),
  KEY `fieldlayouts_type_idx` (`type`)
) ENGINE=InnoDB DEFAULT CHARSET=utf8;

LOCK TABLES `fieldlayouts` WRITE;
/*!40000 ALTER TABLE `fieldlayouts` DISABLE KEYS */;

INSERT INTO `fieldlayouts` (`id`, `type`, `dateCreated`, `dateUpdated`, `uid`)
VALUES
	(1,'craft\\elements\\Entry','2018-02-19 20:39:21','2018-02-19 21:04:11','287b486d-5e0f-4da3-ad71-b0e6e4f5bb6e'),
	(2,'craft\\elements\\Asset','2018-02-19 20:47:40','2018-02-19 20:49:20','d5ea0bab-9c7b-456b-8561-204055d0f005'),
	(3,'craft\\elements\\MatrixBlock','2018-02-19 20:49:31','2018-02-19 20:55:37','b4e95136-129b-44b0-806f-4179e32cca7d'),
	(4,'craft\\elements\\MatrixBlock','2018-02-19 20:49:31','2018-02-19 20:55:37','11f56c1a-4166-4b03-915e-bae305a5d987'),
	(5,'craft\\elements\\MatrixBlock','2018-02-19 20:55:38','2018-02-19 20:55:38','3568057d-90ae-4a00-a1ce-62a0649267ae'),
	(6,'craft\\elements\\MatrixBlock','2018-02-19 20:55:38','2018-02-19 20:55:38','40de9abe-642b-42d1-9b53-bd4916730819'),
	(7,'craft\\elements\\Entry','2018-02-19 21:05:21','2018-02-19 21:06:00','e1017557-2915-4a3b-b582-a890f41e20da'),
	(8,'craft\\elements\\Entry','2018-02-19 21:06:26','2018-02-19 21:06:40','9bae5357-2666-46d6-8b1f-c6b0c89683ea'),
	(9,'craft\\elements\\Entry','2018-02-19 21:07:22','2018-02-19 21:07:35','d6a1f538-2eda-495a-8f11-039ebee98c98'),
	(10,'craft\\elements\\Entry','2018-02-19 21:36:47','2018-02-19 21:43:14','437b8b44-173e-4be7-8d4f-3afd6d54b052'),
	(11,'craft\\elements\\Entry','2018-02-19 21:43:38','2018-02-19 21:43:38','82e3f3b4-9c6a-40e1-9cc9-fd5c121ae7dd'),
	(12,'craft\\elements\\Entry','2018-02-19 21:43:56','2018-02-19 21:43:56','92021e32-f880-4ff4-833b-849c2e8fc525'),
	(13,'craft\\elements\\Entry','2018-02-19 21:44:13','2018-02-19 21:44:13','de88827f-0cee-4037-ba2d-4014ad5fb76b');

/*!40000 ALTER TABLE `fieldlayouts` ENABLE KEYS */;
UNLOCK TABLES;


# Dump of table fieldlayouttabs
# ------------------------------------------------------------

DROP TABLE IF EXISTS `fieldlayouttabs`;

CREATE TABLE `fieldlayouttabs` (
  `id` int(11) NOT NULL AUTO_INCREMENT,
  `layoutId` int(11) NOT NULL,
  `name` varchar(255) NOT NULL,
  `sortOrder` smallint(6) unsigned DEFAULT NULL,
  `dateCreated` datetime NOT NULL,
  `dateUpdated` datetime NOT NULL,
  `uid` char(36) NOT NULL DEFAULT '0',
  PRIMARY KEY (`id`),
  KEY `fieldlayouttabs_sortOrder_idx` (`sortOrder`),
  KEY `fieldlayouttabs_layoutId_idx` (`layoutId`),
  CONSTRAINT `fieldlayouttabs_layoutId_fk` FOREIGN KEY (`layoutId`) REFERENCES `fieldlayouts` (`id`) ON DELETE CASCADE
) ENGINE=InnoDB DEFAULT CHARSET=utf8;

LOCK TABLES `fieldlayouttabs` WRITE;
/*!40000 ALTER TABLE `fieldlayouttabs` DISABLE KEYS */;

INSERT INTO `fieldlayouttabs` (`id`, `layoutId`, `name`, `sortOrder`, `dateCreated`, `dateUpdated`, `uid`)
VALUES
	(1,2,'Inhoud',1,'2018-02-19 20:49:20','2018-02-19 20:49:20','4a8998d4-3a95-426e-b24a-6d0c565ea4f3'),
	(4,3,'Content',1,'2018-02-19 20:55:37','2018-02-19 20:55:37','028377cc-fdff-48d6-a072-c4190fdd5b6e'),
	(5,4,'Content',1,'2018-02-19 20:55:37','2018-02-19 20:55:37','dfda83ff-268d-4941-9197-5c2cee8cd661'),
	(6,5,'Content',1,'2018-02-19 20:55:38','2018-02-19 20:55:38','3479dee5-3e28-4ab5-9bfc-43f9adb380f3'),
	(7,6,'Content',1,'2018-02-19 20:55:38','2018-02-19 20:55:38','10327185-384d-4c5b-a1c1-c1b7097433e2'),
	(10,1,'Content',1,'2018-02-19 21:04:11','2018-02-19 21:04:11','a914be87-50a7-4a7a-8f29-ddd28ea66169'),
	(11,1,'Teaser',2,'2018-02-19 21:04:11','2018-02-19 21:04:11','b5b5ea41-2a97-4006-8d1b-b14e7028682d'),
	(12,7,'Content',1,'2018-02-19 21:06:00','2018-02-19 21:06:00','37d45c75-d464-4b31-9dee-dddc8ece4481'),
	(13,8,'Content',1,'2018-02-19 21:06:40','2018-02-19 21:06:40','5a6dacb4-433a-4208-ba7b-ff9305ed3f0f'),
	(14,9,'Content',1,'2018-02-19 21:07:35','2018-02-19 21:07:35','3ec214b2-d322-417d-89d3-9f55dce7da19'),
	(15,10,'Link',1,'2018-02-19 21:43:14','2018-02-19 21:43:14','b70d16bc-b025-4e8e-b2d3-9c31f20af3a4'),
	(16,11,'Link',1,'2018-02-19 21:43:39','2018-02-19 21:43:39','9be70e7c-c2f7-405d-a3ee-fc74ce970321'),
	(17,12,'Link',1,'2018-02-19 21:43:56','2018-02-19 21:43:56','13e08c92-9399-46a9-98a0-33b4195002c2'),
	(18,13,'Link',1,'2018-02-19 21:44:13','2018-02-19 21:44:13','a1a34fbb-d7af-4f2f-b39b-14c518a3a78b');

/*!40000 ALTER TABLE `fieldlayouttabs` ENABLE KEYS */;
UNLOCK TABLES;


# Dump of table fields
# ------------------------------------------------------------

DROP TABLE IF EXISTS `fields`;

CREATE TABLE `fields` (
  `id` int(11) NOT NULL AUTO_INCREMENT,
  `groupId` int(11) DEFAULT NULL,
  `name` varchar(255) NOT NULL,
  `handle` varchar(64) NOT NULL,
  `context` varchar(255) NOT NULL DEFAULT 'global',
  `instructions` text,
  `translationMethod` varchar(255) NOT NULL DEFAULT 'none',
  `translationKeyFormat` text,
  `type` varchar(255) NOT NULL,
  `settings` text,
  `dateCreated` datetime NOT NULL,
  `dateUpdated` datetime NOT NULL,
  `uid` char(36) NOT NULL DEFAULT '0',
  PRIMARY KEY (`id`),
  UNIQUE KEY `fields_handle_context_unq_idx` (`handle`,`context`),
  KEY `fields_groupId_idx` (`groupId`),
  KEY `fields_context_idx` (`context`),
  CONSTRAINT `fields_groupId_fk` FOREIGN KEY (`groupId`) REFERENCES `fieldgroups` (`id`) ON DELETE CASCADE
) ENGINE=InnoDB DEFAULT CHARSET=utf8;

LOCK TABLES `fields` WRITE;
/*!40000 ALTER TABLE `fields` DISABLE KEYS */;

INSERT INTO `fields` (`id`, `groupId`, `name`, `handle`, `context`, `instructions`, `translationMethod`, `translationKeyFormat`, `type`, `settings`, `dateCreated`, `dateUpdated`, `uid`)
VALUES
	(1,3,'Optimized Images','optimizedImages','global','','none',NULL,'nystudio107\\imageoptimize\\fields\\OptimizedImages','{\"displayOptimizedImageVariants\":\"\",\"displayDominantColorPalette\":\"\",\"displayLazyLoadPlaceholderImages\":\"\",\"variants\":[{\"width\":\"1200\",\"useAspectRatio\":\"1\",\"aspectRatioX\":\"16\",\"aspectRatioY\":\"9\",\"retinaSizes\":[\"1\"],\"quality\":\"82\",\"format\":\"jpg\"},{\"width\":\"992\",\"useAspectRatio\":\"1\",\"aspectRatioX\":\"16\",\"aspectRatioY\":\"9\",\"retinaSizes\":[\"1\"],\"quality\":\"82\",\"format\":\"jpg\"},{\"width\":\"768\",\"useAspectRatio\":\"1\",\"aspectRatioX\":\"4\",\"aspectRatioY\":\"3\",\"retinaSizes\":[\"1\"],\"quality\":\"60\",\"format\":\"jpg\"},{\"width\":\"576\",\"useAspectRatio\":\"1\",\"aspectRatioX\":\"4\",\"aspectRatioY\":\"3\",\"retinaSizes\":[\"1\"],\"quality\":\"60\",\"format\":\"jpg\"}]}','2018-02-19 20:49:04','2018-02-19 20:49:04','96a014d2-dda9-4825-8eec-84be16ddc70e'),
	(2,2,'Builder','builder','global','','site',NULL,'craft\\fields\\Matrix','{\"minBlocks\":\"\",\"maxBlocks\":\"\",\"localizeBlocks\":false}','2018-02-19 20:49:31','2018-02-19 20:55:37','b494bf2c-eafd-4194-99a9-559a9549d81e'),
	(3,NULL,'Body','body','matrixBlockType:1','','none',NULL,'craft\\redactor\\Field','{\"redactorConfig\":\"Standard.json\",\"purifierConfig\":\"\",\"cleanupHtml\":\"1\",\"purifyHtml\":\"1\",\"columnType\":\"text\",\"availableVolumes\":\"*\",\"availableTransforms\":\"*\"}','2018-02-19 20:49:31','2018-02-19 20:55:37','0edea4a0-2b09-4a26-a09e-7487817ecc20'),
	(4,NULL,'Position','position','matrixBlockType:1','','none',NULL,'rias\\positionfieldtype\\fields\\Position','{\"options\":{\"left\":\"1\",\"center\":\"1\",\"right\":\"1\",\"full\":\"\",\"drop-left\":\"\",\"drop-right\":\"\"},\"default\":\"center\"}','2018-02-19 20:49:31','2018-02-19 20:55:37','e80d8514-1a99-4070-b955-42332bcb6513'),
	(5,NULL,'Width','width','matrixBlockType:1','','none',NULL,'rias\\widthfieldtype\\fields\\Width','{\"options\":{\"1/6\":\"1\",\"1/5\":\"1\",\"1/4\":\"1\",\"1/3\":\"1\",\"2/5\":\"1\",\"1/2\":\"1\",\"3/5\":\"1\",\"2/3\":\"1\",\"3/4\":\"1\",\"4/5\":\"1\",\"5/6\":\"1\",\"full\":\"1\"},\"default\":\"full\"}','2018-02-19 20:49:31','2018-02-19 20:55:37','89e35dd6-b38e-45e6-8eaa-6c06f01563ca'),
	(6,NULL,'Asset','asset','matrixBlockType:2','','site',NULL,'craft\\fields\\Assets','{\"useSingleFolder\":\"\",\"defaultUploadLocationSource\":\"folder:3\",\"defaultUploadLocationSubpath\":\"\",\"singleUploadLocationSource\":\"folder:3\",\"singleUploadLocationSubpath\":\"\",\"restrictFiles\":\"1\",\"allowedKinds\":[\"image\"],\"sources\":[\"folder:3\"],\"source\":null,\"targetSiteId\":null,\"viewMode\":\"large\",\"limit\":\"1\",\"selectionLabel\":\"\",\"localizeRelations\":false}','2018-02-19 20:49:31','2018-02-19 20:55:37','04e62582-3faa-426a-8f14-1b623ee9c767'),
	(7,NULL,'Caption','caption','matrixBlockType:2','','none',NULL,'craft\\fields\\PlainText','{\"placeholder\":\"\",\"multiline\":\"\",\"initialRows\":\"4\",\"charLimit\":\"\",\"columnType\":\"text\"}','2018-02-19 20:55:37','2018-02-19 20:55:37','2e68dbcd-def6-4d07-afb6-ed54ed934083'),
	(8,NULL,'Lightbox','lightbox','matrixBlockType:2','If this image should open in a lightbox when clicked','none',NULL,'craft\\fields\\Lightswitch','{\"default\":\"\"}','2018-02-19 20:55:37','2018-02-19 20:55:37','ebaa8788-44e4-4e42-9f8f-771045236fab'),
	(9,NULL,'Position','position','matrixBlockType:2','','none',NULL,'rias\\positionfieldtype\\fields\\Position','{\"options\":{\"left\":\"1\",\"center\":\"1\",\"right\":\"1\",\"full\":\"1\",\"drop-left\":\"\",\"drop-right\":\"\"},\"default\":\"center\"}','2018-02-19 20:55:37','2018-02-19 20:55:37','e3f47e81-e327-4ce4-a456-5943ba3df7a6'),
	(10,NULL,'Width','width','matrixBlockType:2','','none',NULL,'rias\\widthfieldtype\\fields\\Width','{\"options\":{\"1/6\":\"1\",\"1/5\":\"1\",\"1/4\":\"1\",\"1/3\":\"1\",\"2/5\":\"1\",\"1/2\":\"1\",\"3/5\":\"1\",\"2/3\":\"1\",\"3/4\":\"1\",\"4/5\":\"1\",\"5/6\":\"1\",\"full\":\"1\"},\"default\":\"full\"}','2018-02-19 20:55:37','2018-02-19 20:55:37','46d41182-8de5-4fe6-b1f8-ac9b37040f31'),
	(11,NULL,'Quote','quote','matrixBlockType:3','','none',NULL,'craft\\fields\\PlainText','{\"placeholder\":\"\",\"multiline\":\"\",\"initialRows\":\"4\",\"charLimit\":\"\",\"columnType\":\"text\"}','2018-02-19 20:55:37','2018-02-19 20:55:37','810c2a9a-e38b-4392-b8aa-164692ae564d'),
	(12,NULL,'Author','author','matrixBlockType:3','','none',NULL,'craft\\fields\\PlainText','{\"placeholder\":\"\",\"multiline\":\"\",\"initialRows\":\"4\",\"charLimit\":\"\",\"columnType\":\"text\"}','2018-02-19 20:55:37','2018-02-19 20:55:37','c0f75548-aef0-4dea-814b-7f5bb4eb1683'),
	(13,NULL,'Position','position','matrixBlockType:3','','none',NULL,'rias\\positionfieldtype\\fields\\Position','{\"options\":{\"left\":\"1\",\"center\":\"1\",\"right\":\"1\",\"full\":\"\",\"drop-left\":\"\",\"drop-right\":\"\"},\"default\":\"center\"}','2018-02-19 20:55:38','2018-02-19 20:55:38','d835a316-19d9-4fb0-96cd-51e927b5053d'),
	(14,NULL,'Width','width','matrixBlockType:3','','none',NULL,'rias\\widthfieldtype\\fields\\Width','{\"options\":{\"1/6\":\"1\",\"1/5\":\"1\",\"1/4\":\"1\",\"1/3\":\"1\",\"2/5\":\"1\",\"1/2\":\"1\",\"3/5\":\"1\",\"2/3\":\"1\",\"3/4\":\"1\",\"4/5\":\"1\",\"5/6\":\"1\",\"full\":\"1\"},\"default\":\"full\"}','2018-02-19 20:55:38','2018-02-19 20:55:38','4b61a440-ed72-47c0-9d9f-0ed824e78164'),
	(15,NULL,'Assets','assets','matrixBlockType:4','','site',NULL,'craft\\fields\\Assets','{\"useSingleFolder\":\"\",\"defaultUploadLocationSource\":\"folder:3\",\"defaultUploadLocationSubpath\":\"\",\"singleUploadLocationSource\":\"folder:3\",\"singleUploadLocationSubpath\":\"\",\"restrictFiles\":\"1\",\"allowedKinds\":[\"image\"],\"sources\":[\"folder:3\"],\"source\":null,\"targetSiteId\":null,\"viewMode\":\"large\",\"limit\":\"\",\"selectionLabel\":\"\",\"localizeRelations\":false}','2018-02-19 20:55:38','2018-02-19 20:55:38','70e700da-904a-4596-a373-86ec6223cd9c'),
	(16,4,'Description','teaserDescription','global','','none',NULL,'craft\\redactor\\Field','{\"redactorConfig\":\"Simple.json\",\"purifierConfig\":\"\",\"cleanupHtml\":\"1\",\"purifyHtml\":\"1\",\"columnType\":\"text\",\"availableVolumes\":\"\",\"availableTransforms\":\"*\"}','2018-02-19 20:57:32','2018-02-19 20:57:32','98cb59e0-b890-4c98-a5cc-a740202371ac'),
	(17,4,'Image','teaserImage','global','','site',NULL,'craft\\fields\\Assets','{\"useSingleFolder\":\"\",\"defaultUploadLocationSource\":\"folder:3\",\"defaultUploadLocationSubpath\":\"\",\"singleUploadLocationSource\":\"folder:3\",\"singleUploadLocationSubpath\":\"\",\"restrictFiles\":\"1\",\"allowedKinds\":[\"image\"],\"sources\":[\"folder:3\"],\"source\":null,\"targetSiteId\":null,\"viewMode\":\"large\",\"limit\":\"1\",\"selectionLabel\":\"\",\"localizeRelations\":false}','2018-02-19 20:57:52','2018-02-19 20:57:52','012cc720-8595-4594-828d-06e3e4b4d6da'),
	(18,5,'Asset','linkAsset','global','','site',NULL,'craft\\fields\\Assets','{\"useSingleFolder\":\"\",\"defaultUploadLocationSource\":\"folder:3\",\"defaultUploadLocationSubpath\":\"\",\"singleUploadLocationSource\":\"folder:3\",\"singleUploadLocationSubpath\":\"\",\"restrictFiles\":\"\",\"allowedKinds\":null,\"sources\":\"*\",\"source\":null,\"targetSiteId\":null,\"viewMode\":\"list\",\"limit\":\"1\",\"selectionLabel\":\"\",\"localizeRelations\":false}','2018-02-19 21:37:59','2018-02-19 21:38:06','ae022444-0984-47fa-8553-8d7efbb4c0c1'),
	(19,5,'Category','linkCategory','global','','site',NULL,'craft\\fields\\Categories','{\"branchLimit\":\"1\",\"sources\":\"*\",\"source\":null,\"targetSiteId\":null,\"viewMode\":null,\"limit\":null,\"selectionLabel\":\"\",\"localizeRelations\":false}','2018-02-19 21:38:22','2018-02-19 21:38:22','e50f2691-5360-4857-9f5a-1a497236a316'),
	(20,5,'Entry','linkEntry','global','','site',NULL,'craft\\fields\\Entries','{\"sources\":\"*\",\"source\":null,\"targetSiteId\":null,\"viewMode\":null,\"limit\":\"1\",\"selectionLabel\":\"\",\"localizeRelations\":false}','2018-02-19 21:38:41','2018-02-19 21:38:41','4731fafa-c9c0-4c4f-a478-7c272bc9769f'),
	(21,5,'New window','newWindow','global','Open this link in a new window.','none',NULL,'craft\\fields\\Lightswitch','{\"default\":\"\"}','2018-02-19 21:41:34','2018-02-19 21:41:34','aae4083e-bfc2-4aae-9f69-6d718ca3aaf3'),
	(22,5,'URL','linkUrl','global','','none',NULL,'craft\\fields\\Url','[]','2018-02-19 21:42:15','2018-02-19 21:42:15','4b84c114-2bc2-4ff1-808c-015aa82af4c6');

/*!40000 ALTER TABLE `fields` ENABLE KEYS */;
UNLOCK TABLES;


# Dump of table globalsets
# ------------------------------------------------------------

DROP TABLE IF EXISTS `globalsets`;

CREATE TABLE `globalsets` (
  `id` int(11) NOT NULL AUTO_INCREMENT,
  `name` varchar(255) NOT NULL,
  `handle` varchar(255) NOT NULL,
  `fieldLayoutId` int(11) DEFAULT NULL,
  `dateCreated` datetime NOT NULL,
  `dateUpdated` datetime NOT NULL,
  `uid` char(36) NOT NULL DEFAULT '0',
  PRIMARY KEY (`id`),
  UNIQUE KEY `globalsets_name_unq_idx` (`name`),
  UNIQUE KEY `globalsets_handle_unq_idx` (`handle`),
  KEY `globalsets_fieldLayoutId_idx` (`fieldLayoutId`),
  CONSTRAINT `globalsets_fieldLayoutId_fk` FOREIGN KEY (`fieldLayoutId`) REFERENCES `fieldlayouts` (`id`) ON DELETE SET NULL,
  CONSTRAINT `globalsets_id_fk` FOREIGN KEY (`id`) REFERENCES `elements` (`id`) ON DELETE CASCADE
) ENGINE=InnoDB DEFAULT CHARSET=utf8;



# Dump of table info
# ------------------------------------------------------------

DROP TABLE IF EXISTS `info`;

CREATE TABLE `info` (
  `id` int(11) NOT NULL AUTO_INCREMENT,
  `version` varchar(50) NOT NULL,
  `schemaVersion` varchar(15) NOT NULL,
  `edition` smallint(6) unsigned NOT NULL,
  `timezone` varchar(30) DEFAULT NULL,
  `name` varchar(255) NOT NULL,
  `on` tinyint(1) NOT NULL DEFAULT '0',
  `maintenance` tinyint(1) NOT NULL DEFAULT '0',
  `fieldVersion` char(12) NOT NULL DEFAULT '000000000000',
  `dateCreated` datetime NOT NULL,
  `dateUpdated` datetime NOT NULL,
  `uid` char(36) NOT NULL DEFAULT '0',
  PRIMARY KEY (`id`)
) ENGINE=InnoDB DEFAULT CHARSET=utf8;

LOCK TABLES `info` WRITE;
/*!40000 ALTER TABLE `info` DISABLE KEYS */;

INSERT INTO `info` (`id`, `version`, `schemaVersion`, `edition`, `timezone`, `name`, `on`, `maintenance`, `fieldVersion`, `dateCreated`, `dateUpdated`, `uid`)
VALUES
	(1,'3.0.0-RC10.1','3.0.82',0,'America/Los_Angeles','craft',1,0,'rBERJqPmh8G7','2018-02-19 20:35:16','2018-02-19 21:42:15','15a1bfa3-0de9-405e-9aca-6190f554c2fb');

/*!40000 ALTER TABLE `info` ENABLE KEYS */;
UNLOCK TABLES;


# Dump of table matrixblocks
# ------------------------------------------------------------

DROP TABLE IF EXISTS `matrixblocks`;

CREATE TABLE `matrixblocks` (
  `id` int(11) NOT NULL,
  `ownerId` int(11) NOT NULL,
  `ownerSiteId` int(11) DEFAULT NULL,
  `fieldId` int(11) NOT NULL,
  `typeId` int(11) NOT NULL,
  `sortOrder` smallint(6) unsigned DEFAULT NULL,
  `dateCreated` datetime NOT NULL,
  `dateUpdated` datetime NOT NULL,
  `uid` char(36) NOT NULL DEFAULT '0',
  PRIMARY KEY (`id`),
  KEY `matrixblocks_ownerId_idx` (`ownerId`),
  KEY `matrixblocks_fieldId_idx` (`fieldId`),
  KEY `matrixblocks_typeId_idx` (`typeId`),
  KEY `matrixblocks_sortOrder_idx` (`sortOrder`),
  KEY `matrixblocks_ownerSiteId_idx` (`ownerSiteId`),
  CONSTRAINT `matrixblocks_fieldId_fk` FOREIGN KEY (`fieldId`) REFERENCES `fields` (`id`) ON DELETE CASCADE,
  CONSTRAINT `matrixblocks_id_fk` FOREIGN KEY (`id`) REFERENCES `elements` (`id`) ON DELETE CASCADE,
  CONSTRAINT `matrixblocks_ownerId_fk` FOREIGN KEY (`ownerId`) REFERENCES `elements` (`id`) ON DELETE CASCADE,
  CONSTRAINT `matrixblocks_ownerSiteId_fk` FOREIGN KEY (`ownerSiteId`) REFERENCES `sites` (`id`) ON DELETE CASCADE ON UPDATE CASCADE,
  CONSTRAINT `matrixblocks_typeId_fk` FOREIGN KEY (`typeId`) REFERENCES `matrixblocktypes` (`id`) ON DELETE CASCADE
) ENGINE=InnoDB DEFAULT CHARSET=utf8;

LOCK TABLES `matrixblocks` WRITE;
/*!40000 ALTER TABLE `matrixblocks` DISABLE KEYS */;

INSERT INTO `matrixblocks` (`id`, `ownerId`, `ownerSiteId`, `fieldId`, `typeId`, `sortOrder`, `dateCreated`, `dateUpdated`, `uid`)
VALUES
	(10,2,NULL,2,1,1,'2018-02-19 21:21:57','2018-02-19 21:21:57','6d9974cf-948a-4472-ae13-2e3a6534110c'),
	(11,2,NULL,2,1,2,'2018-02-19 21:21:57','2018-02-19 21:21:57','b85702f7-2263-4a34-9020-5fc43e3ffbad'),
	(12,2,NULL,2,2,3,'2018-02-19 21:21:57','2018-02-19 21:21:57','f02be65e-f2cd-497d-ac09-d46b55cd4212'),
	(13,2,NULL,2,2,4,'2018-02-19 21:21:57','2018-02-19 21:21:57','b911e36f-eed4-4423-aa99-e32b4f05f90b'),
	(14,2,NULL,2,2,5,'2018-02-19 21:21:57','2018-02-19 21:21:57','f9e98efe-739e-46c6-b090-d32352d314cf'),
	(15,2,NULL,2,3,6,'2018-02-19 21:21:57','2018-02-19 21:21:57','57099f2c-16fb-49c8-a408-c01c5c601cae'),
	(16,2,NULL,2,4,7,'2018-02-19 21:21:57','2018-02-19 21:21:57','64f6b05b-ee3d-40ba-8e37-7f94ea4d94d8');

/*!40000 ALTER TABLE `matrixblocks` ENABLE KEYS */;
UNLOCK TABLES;


# Dump of table matrixblocktypes
# ------------------------------------------------------------

DROP TABLE IF EXISTS `matrixblocktypes`;

CREATE TABLE `matrixblocktypes` (
  `id` int(11) NOT NULL AUTO_INCREMENT,
  `fieldId` int(11) NOT NULL,
  `fieldLayoutId` int(11) DEFAULT NULL,
  `name` varchar(255) NOT NULL,
  `handle` varchar(255) NOT NULL,
  `sortOrder` smallint(6) unsigned DEFAULT NULL,
  `dateCreated` datetime NOT NULL,
  `dateUpdated` datetime NOT NULL,
  `uid` char(36) NOT NULL DEFAULT '0',
  PRIMARY KEY (`id`),
  UNIQUE KEY `matrixblocktypes_name_fieldId_unq_idx` (`name`,`fieldId`),
  UNIQUE KEY `matrixblocktypes_handle_fieldId_unq_idx` (`handle`,`fieldId`),
  KEY `matrixblocktypes_fieldId_idx` (`fieldId`),
  KEY `matrixblocktypes_fieldLayoutId_idx` (`fieldLayoutId`),
  CONSTRAINT `matrixblocktypes_fieldId_fk` FOREIGN KEY (`fieldId`) REFERENCES `fields` (`id`) ON DELETE CASCADE,
  CONSTRAINT `matrixblocktypes_fieldLayoutId_fk` FOREIGN KEY (`fieldLayoutId`) REFERENCES `fieldlayouts` (`id`) ON DELETE SET NULL
) ENGINE=InnoDB DEFAULT CHARSET=utf8;

LOCK TABLES `matrixblocktypes` WRITE;
/*!40000 ALTER TABLE `matrixblocktypes` DISABLE KEYS */;

INSERT INTO `matrixblocktypes` (`id`, `fieldId`, `fieldLayoutId`, `name`, `handle`, `sortOrder`, `dateCreated`, `dateUpdated`, `uid`)
VALUES
	(1,2,3,'Text','text',1,'2018-02-19 20:49:31','2018-02-19 20:55:37','8a344f4b-be5d-44bf-9318-3fe86affe1e6'),
	(2,2,4,'Image','image',2,'2018-02-19 20:49:31','2018-02-19 20:55:37','bfcf13f7-9c84-4a4c-b1b7-8a6b79bdbc41'),
	(3,2,5,'Quote','quote',3,'2018-02-19 20:55:37','2018-02-19 20:55:38','19224983-3c26-4a01-81fc-c3e8d4f271f4'),
	(4,2,6,'Gallery','gallery',4,'2018-02-19 20:55:38','2018-02-19 20:55:38','142335a9-c331-4a98-bccb-035b6926140e');

/*!40000 ALTER TABLE `matrixblocktypes` ENABLE KEYS */;
UNLOCK TABLES;


# Dump of table matrixcontent_builder
# ------------------------------------------------------------

DROP TABLE IF EXISTS `matrixcontent_builder`;

CREATE TABLE `matrixcontent_builder` (
  `id` int(11) NOT NULL AUTO_INCREMENT,
  `elementId` int(11) NOT NULL,
  `siteId` int(11) NOT NULL,
  `dateCreated` datetime NOT NULL,
  `dateUpdated` datetime NOT NULL,
  `uid` char(36) NOT NULL DEFAULT '0',
  `field_text_body` text,
  `field_text_position` varchar(255) DEFAULT NULL,
  `field_text_width` varchar(255) DEFAULT NULL,
  `field_image_caption` text,
  `field_image_lightbox` tinyint(1) DEFAULT NULL,
  `field_image_position` varchar(255) DEFAULT NULL,
  `field_image_width` varchar(255) DEFAULT NULL,
  `field_quote_quote` text,
  `field_quote_author` text,
  `field_quote_position` varchar(255) DEFAULT NULL,
  `field_quote_width` varchar(255) DEFAULT NULL,
  PRIMARY KEY (`id`),
  UNIQUE KEY `matrixcontent_builder_elementId_siteId_unq_idx` (`elementId`,`siteId`),
  KEY `matrixcontent_builder_siteId_fk` (`siteId`),
  CONSTRAINT `matrixcontent_builder_elementId_fk` FOREIGN KEY (`elementId`) REFERENCES `elements` (`id`) ON DELETE CASCADE,
  CONSTRAINT `matrixcontent_builder_siteId_fk` FOREIGN KEY (`siteId`) REFERENCES `sites` (`id`) ON DELETE CASCADE ON UPDATE CASCADE
) ENGINE=InnoDB DEFAULT CHARSET=utf8;

LOCK TABLES `matrixcontent_builder` WRITE;
/*!40000 ALTER TABLE `matrixcontent_builder` DISABLE KEYS */;

INSERT INTO `matrixcontent_builder` (`id`, `elementId`, `siteId`, `dateCreated`, `dateUpdated`, `uid`, `field_text_body`, `field_text_position`, `field_text_width`, `field_image_caption`, `field_image_lightbox`, `field_image_position`, `field_image_width`, `field_quote_quote`, `field_quote_author`, `field_quote_position`, `field_quote_width`)
VALUES
	(1,10,1,'2018-02-19 21:21:57','2018-02-19 21:21:57','e09a9154-93fc-4467-8e58-c10fd838c55a','<p>Himenaeos bibendum ad quis malesuada sem sagittis non at, lobortis id sed elementum erat aenean dictum, integer iaculis curabitur vivamus consectetur proin facilisis. A at massa est risus integer mauris aliquam ante fringilla placerat ridiculus aptent, semper rhoncus habitasse vulputate fermentum euismod sem sociis inceptos imperdiet phasellus, potenti vehicula eu neque egestas eros suspendisse praesent faucibus torquent non. Fusce maecenas tortor justo eu erat nam adipiscing leo quam, ultricies sociosqu orci felis platea et at aenean lorem, inceptos velit nostra torquent phasellus vulputate sem tincidunt. Elit ante tortor justo eros quam, facilisis blandit ac phasellus erat nibh, orci curae est rhoncus. Et a potenti nam sociis natoque tortor taciti netus, cursus quis nostra fusce molestie ullamcorper aptent, odio torquent mollis etiam aliquet massa suscipit.</p>','left','1/2',NULL,NULL,NULL,NULL,NULL,NULL,NULL,NULL),
	(2,11,1,'2018-02-19 21:21:57','2018-02-19 21:21:57','c3837d68-394b-4301-8b11-d947708c8328','<p>Himenaeos bibendum ad quis malesuada sem sagittis non at, lobortis id sed elementum erat aenean dictum, integer iaculis curabitur vivamus consectetur proin facilisis. A at massa est risus integer mauris aliquam ante fringilla placerat ridiculus aptent, semper rhoncus habitasse vulputate fermentum euismod sem sociis inceptos imperdiet phasellus, potenti vehicula eu neque egestas eros suspendisse praesent faucibus torquent non. Fusce maecenas tortor justo eu erat nam adipiscing leo quam, ultricies sociosqu orci felis platea et at aenean lorem, inceptos velit nostra torquent phasellus vulputate sem tincidunt. Elit ante tortor justo eros quam, facilisis blandit ac phasellus erat nibh, orci curae est rhoncus. Et a potenti nam sociis natoque tortor taciti netus, cursus quis nostra fusce molestie ullamcorper aptent, odio torquent mollis etiam aliquet massa suscipit.</p>','right','1/2',NULL,NULL,NULL,NULL,NULL,NULL,NULL,NULL),
	(3,12,1,'2018-02-19 21:21:57','2018-02-19 21:21:57','e7e283a8-e9db-4c7a-8379-254bd6aa54d7',NULL,NULL,NULL,'',0,'left','1/3',NULL,NULL,NULL,NULL),
	(4,13,1,'2018-02-19 21:21:57','2018-02-19 21:21:57','90d74c78-9cfc-4d67-a9d7-e635636e2324',NULL,NULL,NULL,'With lightbox & caption',1,'right','2/3',NULL,NULL,NULL,NULL),
	(5,14,1,'2018-02-19 21:21:57','2018-02-19 21:21:57','41cc28d1-7d79-4bbe-823a-d4a0450077f2',NULL,NULL,NULL,'Full',0,'full','full',NULL,NULL,NULL,NULL),
	(6,15,1,'2018-02-19 21:21:57','2018-02-19 21:21:57','995f91bc-0be7-4f29-947b-81b12f03cbf1',NULL,NULL,NULL,NULL,NULL,NULL,NULL,'An awesome quote','me','center','full'),
	(7,16,1,'2018-02-19 21:21:57','2018-02-19 21:21:57','d4325b11-ded5-41e7-9c56-8ee7a04fc926',NULL,NULL,NULL,NULL,NULL,NULL,NULL,NULL,NULL,NULL,NULL);

/*!40000 ALTER TABLE `matrixcontent_builder` ENABLE KEYS */;
UNLOCK TABLES;


# Dump of table migrations
# ------------------------------------------------------------

DROP TABLE IF EXISTS `migrations`;

CREATE TABLE `migrations` (
  `id` int(11) NOT NULL AUTO_INCREMENT,
  `pluginId` int(11) DEFAULT NULL,
  `type` enum('app','plugin','content') NOT NULL DEFAULT 'app',
  `name` varchar(255) NOT NULL,
  `applyTime` datetime NOT NULL,
  `dateCreated` datetime NOT NULL,
  `dateUpdated` datetime NOT NULL,
  `uid` char(36) NOT NULL DEFAULT '0',
  PRIMARY KEY (`id`),
  KEY `migrations_pluginId_idx` (`pluginId`),
  KEY `migrations_type_pluginId_idx` (`type`,`pluginId`),
  CONSTRAINT `migrations_pluginId_fk` FOREIGN KEY (`pluginId`) REFERENCES `plugins` (`id`) ON DELETE CASCADE
) ENGINE=InnoDB DEFAULT CHARSET=utf8;

LOCK TABLES `migrations` WRITE;
/*!40000 ALTER TABLE `migrations` DISABLE KEYS */;

INSERT INTO `migrations` (`id`, `pluginId`, `type`, `name`, `applyTime`, `dateCreated`, `dateUpdated`, `uid`)
VALUES
	(1,NULL,'app','Install','2018-02-19 20:35:16','2018-02-19 20:35:16','2018-02-19 20:35:16','7e639f3f-aa8d-4817-9b81-00583f441fa4'),
	(2,NULL,'app','m150403_183908_migrations_table_changes','2018-02-19 20:35:16','2018-02-19 20:35:16','2018-02-19 20:35:16','fcc9de96-5dd2-4b0d-ae6e-3b151789e484'),
	(3,NULL,'app','m150403_184247_plugins_table_changes','2018-02-19 20:35:16','2018-02-19 20:35:16','2018-02-19 20:35:16','0928f756-349a-4544-9982-25b695ee498a'),
	(4,NULL,'app','m150403_184533_field_version','2018-02-19 20:35:16','2018-02-19 20:35:16','2018-02-19 20:35:16','5be2f743-c838-4704-8d92-8a098fe5070d'),
	(5,NULL,'app','m150403_184729_type_columns','2018-02-19 20:35:16','2018-02-19 20:35:16','2018-02-19 20:35:16','00436b2f-c29f-4849-b022-80b345fdd0d1'),
	(6,NULL,'app','m150403_185142_volumes','2018-02-19 20:35:16','2018-02-19 20:35:16','2018-02-19 20:35:16','7fc0faea-f613-4f19-b900-f1e322505dc6'),
	(7,NULL,'app','m150428_231346_userpreferences','2018-02-19 20:35:16','2018-02-19 20:35:16','2018-02-19 20:35:16','08003ae8-348e-4e58-a5ae-f345a876d6b5'),
	(8,NULL,'app','m150519_150900_fieldversion_conversion','2018-02-19 20:35:16','2018-02-19 20:35:16','2018-02-19 20:35:16','1001b25e-7f8e-48e8-bf60-3b089d91c26e'),
	(9,NULL,'app','m150617_213829_update_email_settings','2018-02-19 20:35:16','2018-02-19 20:35:16','2018-02-19 20:35:16','0ea38110-4e45-4ad1-831c-b9bb3cc11769'),
	(10,NULL,'app','m150721_124739_templatecachequeries','2018-02-19 20:35:16','2018-02-19 20:35:16','2018-02-19 20:35:16','e144873f-0c49-46cb-bb3a-c3cdf75fd60f'),
	(11,NULL,'app','m150724_140822_adjust_quality_settings','2018-02-19 20:35:16','2018-02-19 20:35:16','2018-02-19 20:35:16','53031068-0c1d-44b6-901e-28c575e32565'),
	(12,NULL,'app','m150815_133521_last_login_attempt_ip','2018-02-19 20:35:16','2018-02-19 20:35:16','2018-02-19 20:35:16','3a24360e-4bc2-4693-8170-56a89a2b61cb'),
	(13,NULL,'app','m151002_095935_volume_cache_settings','2018-02-19 20:35:16','2018-02-19 20:35:16','2018-02-19 20:35:16','cf1d28f2-2c0f-42c3-a24d-95dfac6e72b0'),
	(14,NULL,'app','m151005_142750_volume_s3_storage_settings','2018-02-19 20:35:16','2018-02-19 20:35:16','2018-02-19 20:35:16','194844b6-9c5d-4b79-9006-0e7335ec98c9'),
	(15,NULL,'app','m151016_133600_delete_asset_thumbnails','2018-02-19 20:35:16','2018-02-19 20:35:16','2018-02-19 20:35:16','9a89a706-98b2-43f1-9c82-50ba4b51c24b'),
	(16,NULL,'app','m151209_000000_move_logo','2018-02-19 20:35:16','2018-02-19 20:35:16','2018-02-19 20:35:16','3261f1a9-6cc5-4ad7-990b-f15c46cbcc12'),
	(17,NULL,'app','m151211_000000_rename_fileId_to_assetId','2018-02-19 20:35:16','2018-02-19 20:35:16','2018-02-19 20:35:16','4045b646-8107-445f-aae7-2545537ff17c'),
	(18,NULL,'app','m151215_000000_rename_asset_permissions','2018-02-19 20:35:16','2018-02-19 20:35:16','2018-02-19 20:35:16','217968ea-58ab-4e0c-bed4-a6f044f409c5'),
	(19,NULL,'app','m160707_000001_rename_richtext_assetsource_setting','2018-02-19 20:35:16','2018-02-19 20:35:16','2018-02-19 20:35:16','f65f71c1-8e14-4f1e-894d-797b1b7330f3'),
	(20,NULL,'app','m160708_185142_volume_hasUrls_setting','2018-02-19 20:35:16','2018-02-19 20:35:16','2018-02-19 20:35:16','a84df436-8d0e-4466-80ff-c4d860b496c8'),
	(21,NULL,'app','m160714_000000_increase_max_asset_filesize','2018-02-19 20:35:16','2018-02-19 20:35:16','2018-02-19 20:35:16','ea18da34-b51b-4ff0-879d-d334c83fb63d'),
	(22,NULL,'app','m160727_194637_column_cleanup','2018-02-19 20:35:16','2018-02-19 20:35:16','2018-02-19 20:35:16','317b8fc7-8a1f-431b-9c49-47e153cbc17b'),
	(23,NULL,'app','m160804_110002_userphotos_to_assets','2018-02-19 20:35:16','2018-02-19 20:35:16','2018-02-19 20:35:16','5f3b2c67-b54f-42fd-a614-cca838dee1e9'),
	(24,NULL,'app','m160807_144858_sites','2018-02-19 20:35:16','2018-02-19 20:35:16','2018-02-19 20:35:16','7d0ee66a-801f-4d19-91bf-dc7789c27963'),
	(25,NULL,'app','m160829_000000_pending_user_content_cleanup','2018-02-19 20:35:16','2018-02-19 20:35:16','2018-02-19 20:35:16','455d16f4-210d-47e5-95b2-1a359b36291a'),
	(26,NULL,'app','m160830_000000_asset_index_uri_increase','2018-02-19 20:35:16','2018-02-19 20:35:16','2018-02-19 20:35:16','7b4bf193-8670-4300-a601-d146a380d0dd'),
	(27,NULL,'app','m160912_230520_require_entry_type_id','2018-02-19 20:35:16','2018-02-19 20:35:16','2018-02-19 20:35:16','c2f7991f-193c-4ce0-a8a8-344a51ec1072'),
	(28,NULL,'app','m160913_134730_require_matrix_block_type_id','2018-02-19 20:35:16','2018-02-19 20:35:16','2018-02-19 20:35:16','6a9d19bd-ec45-4e0c-94e8-4f9c276199f7'),
	(29,NULL,'app','m160920_174553_matrixblocks_owner_site_id_nullable','2018-02-19 20:35:16','2018-02-19 20:35:16','2018-02-19 20:35:16','dfe0fcb3-f51f-4675-bffd-814fe487481e'),
	(30,NULL,'app','m160920_231045_usergroup_handle_title_unique','2018-02-19 20:35:16','2018-02-19 20:35:16','2018-02-19 20:35:16','1bdc0ee8-5a4c-4794-a52e-7e6235901503'),
	(31,NULL,'app','m160925_113941_route_uri_parts','2018-02-19 20:35:16','2018-02-19 20:35:16','2018-02-19 20:35:16','7ca015e9-00f3-45a5-94ef-6f6cc7ba3277'),
	(32,NULL,'app','m161006_205918_schemaVersion_not_null','2018-02-19 20:35:16','2018-02-19 20:35:16','2018-02-19 20:35:16','ba85a830-83f0-481a-abd9-b60d9aa0ee53'),
	(33,NULL,'app','m161007_130653_update_email_settings','2018-02-19 20:35:16','2018-02-19 20:35:16','2018-02-19 20:35:16','c15b5f73-1ef2-434b-8c76-ffcd1ff2b060'),
	(34,NULL,'app','m161013_175052_newParentId','2018-02-19 20:35:16','2018-02-19 20:35:16','2018-02-19 20:35:16','67266109-31c4-4113-9aa5-d4b15fed8f7b'),
	(35,NULL,'app','m161021_102916_fix_recent_entries_widgets','2018-02-19 20:35:16','2018-02-19 20:35:16','2018-02-19 20:35:16','bfcba74f-2113-43c7-be63-1132ac69161b'),
	(36,NULL,'app','m161021_182140_rename_get_help_widget','2018-02-19 20:35:16','2018-02-19 20:35:16','2018-02-19 20:35:16','abe1aea5-039f-434e-89c1-2581ac823a1a'),
	(37,NULL,'app','m161025_000000_fix_char_columns','2018-02-19 20:35:16','2018-02-19 20:35:16','2018-02-19 20:35:16','27cea8ca-e331-47f6-9399-a92eacc752af'),
	(38,NULL,'app','m161029_124145_email_message_languages','2018-02-19 20:35:16','2018-02-19 20:35:16','2018-02-19 20:35:16','3cfbde62-b7e0-4a2e-afd5-a79bbb8e0023'),
	(39,NULL,'app','m161108_000000_new_version_format','2018-02-19 20:35:16','2018-02-19 20:35:16','2018-02-19 20:35:16','d021a406-e8e2-40af-9a05-e2cc96fc84ce'),
	(40,NULL,'app','m161109_000000_index_shuffle','2018-02-19 20:35:16','2018-02-19 20:35:16','2018-02-19 20:35:16','66d38693-1d43-4400-94b2-0db3efc61416'),
	(41,NULL,'app','m161122_185500_no_craft_app','2018-02-19 20:35:16','2018-02-19 20:35:16','2018-02-19 20:35:16','558f87bf-eb58-4229-9897-a45de58c962d'),
	(42,NULL,'app','m161125_150752_clear_urlmanager_cache','2018-02-19 20:35:16','2018-02-19 20:35:16','2018-02-19 20:35:16','7da2d407-98dd-4787-b3c9-6413f0da52bd'),
	(43,NULL,'app','m161220_000000_volumes_hasurl_notnull','2018-02-19 20:35:16','2018-02-19 20:35:16','2018-02-19 20:35:16','0515afdc-993f-4108-b1c5-23174ad436e6'),
	(44,NULL,'app','m170114_161144_udates_permission','2018-02-19 20:35:16','2018-02-19 20:35:16','2018-02-19 20:35:16','42edf190-50a3-4ad7-9535-8d5d7e37eadf'),
	(45,NULL,'app','m170120_000000_schema_cleanup','2018-02-19 20:35:16','2018-02-19 20:35:16','2018-02-19 20:35:16','c5f7c7c5-ed55-4ca8-b874-e747710763df'),
	(46,NULL,'app','m170126_000000_assets_focal_point','2018-02-19 20:35:16','2018-02-19 20:35:16','2018-02-19 20:35:16','a11ce612-299b-4b41-88d8-30424636438b'),
	(47,NULL,'app','m170206_142126_system_name','2018-02-19 20:35:16','2018-02-19 20:35:16','2018-02-19 20:35:16','401e1209-589a-44f5-a9d2-4641baf7ac27'),
	(48,NULL,'app','m170217_044740_category_branch_limits','2018-02-19 20:35:16','2018-02-19 20:35:16','2018-02-19 20:35:16','e2247aca-eea7-474d-be95-2434bbf59d49'),
	(49,NULL,'app','m170217_120224_asset_indexing_columns','2018-02-19 20:35:16','2018-02-19 20:35:16','2018-02-19 20:35:16','2508e14a-3a22-4fe9-8979-6c959521b79c'),
	(50,NULL,'app','m170223_224012_plain_text_settings','2018-02-19 20:35:16','2018-02-19 20:35:16','2018-02-19 20:35:16','49265557-2ca5-42ae-8e38-321459d41ff4'),
	(51,NULL,'app','m170227_120814_focal_point_percentage','2018-02-19 20:35:16','2018-02-19 20:35:16','2018-02-19 20:35:16','cc00b372-8d34-4b4b-8287-520c97caca8d'),
	(52,NULL,'app','m170228_171113_system_messages','2018-02-19 20:35:16','2018-02-19 20:35:16','2018-02-19 20:35:16','db8d1017-b635-43ff-92b7-e760241e007e'),
	(53,NULL,'app','m170303_140500_asset_field_source_settings','2018-02-19 20:35:16','2018-02-19 20:35:16','2018-02-19 20:35:16','4111ed9b-af5f-4d4f-a899-76c59de138f3'),
	(54,NULL,'app','m170306_150500_asset_temporary_uploads','2018-02-19 20:35:16','2018-02-19 20:35:16','2018-02-19 20:35:16','d8437416-26df-4bef-88f2-cfc27843965d'),
	(55,NULL,'app','m170414_162429_rich_text_config_setting','2018-02-19 20:35:16','2018-02-19 20:35:16','2018-02-19 20:35:16','8b2360d1-6cef-4c8e-89fb-52be0583187b'),
	(56,NULL,'app','m170523_190652_element_field_layout_ids','2018-02-19 20:35:16','2018-02-19 20:35:16','2018-02-19 20:35:16','c9741cfa-7bf2-43b8-8f4f-40c87ec853bd'),
	(57,NULL,'app','m170612_000000_route_index_shuffle','2018-02-19 20:35:16','2018-02-19 20:35:16','2018-02-19 20:35:16','2c8afd35-53e3-4812-9323-1f229c54050d'),
	(58,NULL,'app','m170621_195237_format_plugin_handles','2018-02-19 20:35:16','2018-02-19 20:35:16','2018-02-19 20:35:16','3029e041-5574-42fa-a785-f74adffe688d'),
	(59,NULL,'app','m170630_161028_deprecation_changes','2018-02-19 20:35:16','2018-02-19 20:35:16','2018-02-19 20:35:16','5adb9392-8539-48f9-91b7-1c9d24ae776a'),
	(60,NULL,'app','m170703_181539_plugins_table_tweaks','2018-02-19 20:35:16','2018-02-19 20:35:16','2018-02-19 20:35:16','0da12687-80bc-4b5f-bac7-38f9760699ad'),
	(61,NULL,'app','m170704_134916_sites_tables','2018-02-19 20:35:16','2018-02-19 20:35:16','2018-02-19 20:35:16','b1926b87-202f-4ec7-8d0d-36d8370664d2'),
	(62,NULL,'app','m170706_183216_rename_sequences','2018-02-19 20:35:16','2018-02-19 20:35:16','2018-02-19 20:35:16','b71d2a14-4815-49ba-9d21-7f980b12db7e'),
	(63,NULL,'app','m170707_094758_delete_compiled_traits','2018-02-19 20:35:16','2018-02-19 20:35:16','2018-02-19 20:35:16','ff6336be-0a60-4e9c-832b-9f9750733f03'),
	(64,NULL,'app','m170731_190138_drop_asset_packagist','2018-02-19 20:35:16','2018-02-19 20:35:16','2018-02-19 20:35:16','b1e093b1-cad9-47f8-8b4a-41922c709894'),
	(65,NULL,'app','m170810_201318_create_queue_table','2018-02-19 20:35:16','2018-02-19 20:35:16','2018-02-19 20:35:16','6459870b-2146-419b-8f12-e65e2ac2a612'),
	(66,NULL,'app','m170816_133741_delete_compiled_behaviors','2018-02-19 20:35:16','2018-02-19 20:35:16','2018-02-19 20:35:16','831ebd71-d578-457f-b28b-4689d7ad89d1'),
	(67,NULL,'app','m170821_180624_deprecation_line_nullable','2018-02-19 20:35:16','2018-02-19 20:35:16','2018-02-19 20:35:16','dd5955a6-7fdc-4e12-beb1-f2ae4b32ee6e'),
	(68,NULL,'app','m170903_192801_longblob_for_queue_jobs','2018-02-19 20:35:16','2018-02-19 20:35:16','2018-02-19 20:35:16','f35ff3b8-67d7-4b84-90fd-6fdc1611f814'),
	(69,NULL,'app','m170914_204621_asset_cache_shuffle','2018-02-19 20:35:16','2018-02-19 20:35:16','2018-02-19 20:35:16','3b130a3b-afbc-44b9-8ab9-5a4cb2663c55'),
	(70,NULL,'app','m171011_214115_site_groups','2018-02-19 20:35:16','2018-02-19 20:35:16','2018-02-19 20:35:16','25bb0a74-68c0-4298-b5e0-2ed25996abe7'),
	(71,NULL,'app','m171012_151440_primary_site','2018-02-19 20:35:16','2018-02-19 20:35:16','2018-02-19 20:35:16','6b4bc867-99e3-4d7c-8267-c34c7c1c371e'),
	(72,NULL,'app','m171013_142500_transform_interlace','2018-02-19 20:35:16','2018-02-19 20:35:16','2018-02-19 20:35:16','f458912f-51e0-4d3e-9bbe-4cc66665852d'),
	(73,NULL,'app','m171016_092553_drop_position_select','2018-02-19 20:35:16','2018-02-19 20:35:16','2018-02-19 20:35:16','89a39621-e149-4670-a8be-ca6eeb95f0d3'),
	(74,NULL,'app','m171016_221244_less_strict_translation_method','2018-02-19 20:35:16','2018-02-19 20:35:16','2018-02-19 20:35:16','b2013d66-8c30-4a39-aebd-91f46bdfebf7'),
	(75,NULL,'app','m171107_000000_assign_group_permissions','2018-02-19 20:35:16','2018-02-19 20:35:16','2018-02-19 20:35:16','df82357f-e1e8-4e04-8269-a617c0bdeb9d'),
	(76,NULL,'app','m171117_000001_templatecache_index_tune','2018-02-19 20:35:16','2018-02-19 20:35:16','2018-02-19 20:35:16','c966a357-a70c-41e1-b261-f643e006686a'),
	(77,NULL,'app','m171126_105927_disabled_plugins','2018-02-19 20:35:16','2018-02-19 20:35:16','2018-02-19 20:35:16','e3a25f9b-a620-465b-a844-7e2a8a1106c0'),
	(78,NULL,'app','m171130_214407_craftidtokens_table','2018-02-19 20:35:16','2018-02-19 20:35:16','2018-02-19 20:35:16','f4bbb802-a9ba-47b8-a3b0-9fc9a195274f'),
	(79,NULL,'app','m171202_004225_update_email_settings','2018-02-19 20:35:16','2018-02-19 20:35:16','2018-02-19 20:35:16','c26cd28e-a66d-4588-ba48-5c65973b5822'),
	(80,NULL,'app','m171204_000001_templatecache_index_tune_deux','2018-02-19 20:35:16','2018-02-19 20:35:16','2018-02-19 20:35:16','ab7fb9bf-2983-48c1-ae72-81b54ee45454'),
	(81,NULL,'app','m171205_130908_remove_craftidtokens_refreshtoken_column','2018-02-19 20:35:16','2018-02-19 20:35:16','2018-02-19 20:35:16','8c2506a4-4317-4bf1-a76a-4fe33f55c75a'),
	(82,NULL,'app','m171210_142046_fix_db_routes','2018-02-19 20:35:16','2018-02-19 20:35:16','2018-02-19 20:35:16','c3950089-2b46-4107-a7ee-2f144cb75c14'),
	(83,NULL,'app','m171218_143135_longtext_query_column','2018-02-19 20:35:16','2018-02-19 20:35:16','2018-02-19 20:35:16','23c88452-15de-405e-bb6f-a24582800ae8'),
	(84,NULL,'app','m171231_055546_environment_variables_to_aliases','2018-02-19 20:35:16','2018-02-19 20:35:16','2018-02-19 20:35:16','02df5969-2892-426c-abf7-fc4f0ac3a046'),
	(85,NULL,'app','m180113_153740_drop_users_archived_column','2018-02-19 20:35:16','2018-02-19 20:35:16','2018-02-19 20:35:16','00b5d459-5d43-42db-840f-28b39202941b'),
	(86,NULL,'app','m180122_213433_propagate_entries_setting','2018-02-19 20:35:16','2018-02-19 20:35:16','2018-02-19 20:35:16','dabf1af0-2445-4563-a12f-62b204edeb9b'),
	(87,NULL,'app','m180124_230459_fix_propagate_entries_values','2018-02-19 20:35:16','2018-02-19 20:35:16','2018-02-19 20:35:16','04673290-8425-4a9c-9a2e-2fa3e49cb119'),
	(88,NULL,'app','m180128_235202_set_tag_slugs','2018-02-19 20:35:16','2018-02-19 20:35:16','2018-02-19 20:35:16','2a519969-3b26-491c-b011-41ff2b4d0d5c'),
	(89,NULL,'app','m180202_185551_fix_focal_points','2018-02-19 20:35:16','2018-02-19 20:35:16','2018-02-19 20:35:16','73ba617a-a1e7-484f-b0a4-b5ab6fc648b1'),
	(90,12,'plugin','Install','2018-02-19 20:37:36','2018-02-19 20:37:36','2018-02-19 20:37:36','e1bd0e85-3ed1-4026-941b-389b1e43686d');

/*!40000 ALTER TABLE `migrations` ENABLE KEYS */;
UNLOCK TABLES;


# Dump of table plugins
# ------------------------------------------------------------

DROP TABLE IF EXISTS `plugins`;

CREATE TABLE `plugins` (
  `id` int(11) NOT NULL AUTO_INCREMENT,
  `handle` varchar(255) NOT NULL,
  `version` varchar(255) NOT NULL,
  `schemaVersion` varchar(255) NOT NULL,
  `licenseKey` char(24) DEFAULT NULL,
  `licenseKeyStatus` enum('valid','invalid','mismatched','unknown') NOT NULL DEFAULT 'unknown',
  `enabled` tinyint(1) NOT NULL DEFAULT '0',
  `settings` text,
  `installDate` datetime NOT NULL,
  `dateCreated` datetime NOT NULL,
  `dateUpdated` datetime NOT NULL,
  `uid` char(36) NOT NULL DEFAULT '0',
  PRIMARY KEY (`id`),
  UNIQUE KEY `plugins_handle_unq_idx` (`handle`),
  KEY `plugins_enabled_idx` (`enabled`)
) ENGINE=InnoDB DEFAULT CHARSET=utf8;

LOCK TABLES `plugins` WRITE;
/*!40000 ALTER TABLE `plugins` DISABLE KEYS */;

INSERT INTO `plugins` (`id`, `handle`, `version`, `schemaVersion`, `licenseKey`, `licenseKeyStatus`, `enabled`, `settings`, `installDate`, `dateCreated`, `dateUpdated`, `uid`)
VALUES
	(1,'architect','2.2.0','2.0.0',NULL,'unknown',1,NULL,'2018-02-19 20:37:24','2018-02-19 20:37:24','2018-02-19 20:56:20','cc986a1c-784e-4266-bfbf-0404c36c9eff'),
	(2,'eager-beaver','1.0.2','1.0.0',NULL,'unknown',1,NULL,'2018-02-19 20:37:35','2018-02-19 20:37:35','2018-02-19 20:56:20','ef50d02e-3d06-4011-aaaf-53e30babb328'),
	(3,'image-optimize','1.4.18','1.0.0',NULL,'unknown',1,NULL,'2018-02-19 20:37:35','2018-02-19 20:37:35','2018-02-19 20:56:20','11105c08-a900-48d8-93c1-b309e1b33c3a'),
	(4,'minify','1.2.7','1.0.0',NULL,'unknown',1,NULL,'2018-02-19 20:37:35','2018-02-19 20:37:35','2018-02-19 20:56:20','5316ced6-9a20-4ebb-b5c2-f4bfb0041f26'),
	(5,'typogrify','1.1.7','1.0.0',NULL,'unknown',1,NULL,'2018-02-19 20:37:35','2018-02-19 20:37:35','2018-02-19 20:56:20','55bdd6c3-ea0b-4ed1-b667-0ad91ea590e6'),
	(6,'mix','1.4.2','1.0.0',NULL,'unknown',1,NULL,'2018-02-19 20:37:35','2018-02-19 20:37:35','2018-02-19 20:56:20','bc4c8648-1d03-4fcb-9118-877d82bf15e4'),
	(7,'position-fieldtype','1.0.10','1.0.0',NULL,'unknown',1,NULL,'2018-02-19 20:37:35','2018-02-19 20:37:35','2018-02-19 20:56:20','2ba89699-c08b-486d-9d1d-01e9d640fa2b'),
	(8,'width-fieldtype','1.0.2','1.0.0',NULL,'unknown',1,NULL,'2018-02-19 20:37:36','2018-02-19 20:37:36','2018-02-19 20:56:20','f48ef051-1b90-418b-99cd-6938241d1e14'),
	(9,'colour-swatches','1.0.6','1.0.0',NULL,'unknown',1,NULL,'2018-02-19 20:37:36','2018-02-19 20:37:36','2018-02-19 20:56:20','ef0a812f-4889-4a78-a653-0dd331467365'),
	(10,'schema','1.0.3','1.0.0',NULL,'unknown',1,NULL,'2018-02-19 20:37:36','2018-02-19 20:37:36','2018-02-19 20:56:20','763da45c-fca2-44a8-9acd-809f7ab5a693'),
	(11,'expanded-singles','1.0.2','1.0.0',NULL,'unknown',1,NULL,'2018-02-19 20:37:36','2018-02-19 20:37:36','2018-02-19 20:56:20','793b39fd-2f59-4ad1-9c83-f06d900fd117'),
	(12,'redactor','1.0.1','1.0.0',NULL,'unknown',1,NULL,'2018-02-19 20:37:36','2018-02-19 20:37:36','2018-02-19 20:56:20','7a44b5b9-bab7-4c87-b6e2-18ef7ab7a694'),
	(13,'typedlinkfield','1.0.3','1.0.0',NULL,'unknown',1,NULL,'2018-02-19 20:37:37','2018-02-19 20:37:37','2018-02-19 20:56:20','eb26f007-f8d1-4f00-b0ae-8bca0ea0daa2'),
	(14,'contact-form','2.1.1','1.0.0',NULL,'unknown',1,NULL,'2018-02-19 20:37:37','2018-02-19 20:37:37','2018-02-19 20:56:20','da563b78-01f1-40e5-9934-c8c1e4685878'),
	(15,'async-queue','1.2.0','1.0.0',NULL,'unknown',1,NULL,'2018-02-19 20:37:37','2018-02-19 20:37:37','2018-02-19 20:56:20','177bf137-4ba9-42d1-b69c-61f9a7988f2c');

/*!40000 ALTER TABLE `plugins` ENABLE KEYS */;
UNLOCK TABLES;


# Dump of table queue
# ------------------------------------------------------------

DROP TABLE IF EXISTS `queue`;

CREATE TABLE `queue` (
  `id` int(11) NOT NULL AUTO_INCREMENT,
  `job` longblob NOT NULL,
  `description` text,
  `timePushed` int(11) NOT NULL,
  `ttr` int(11) NOT NULL,
  `delay` int(11) NOT NULL DEFAULT '0',
  `priority` int(11) unsigned NOT NULL DEFAULT '1024',
  `dateReserved` datetime DEFAULT NULL,
  `timeUpdated` int(11) DEFAULT NULL,
  `progress` smallint(6) NOT NULL DEFAULT '0',
  `attempt` int(11) DEFAULT NULL,
  `fail` tinyint(1) DEFAULT '0',
  `dateFailed` datetime DEFAULT NULL,
  `error` text,
  PRIMARY KEY (`id`),
  KEY `queue_fail_timeUpdated_timePushed_idx` (`fail`,`timeUpdated`,`timePushed`),
  KEY `queue_fail_timeUpdated_delay_idx` (`fail`,`timeUpdated`,`delay`)
) ENGINE=InnoDB DEFAULT CHARSET=utf8;



# Dump of table relations
# ------------------------------------------------------------

DROP TABLE IF EXISTS `relations`;

CREATE TABLE `relations` (
  `id` int(11) NOT NULL AUTO_INCREMENT,
  `fieldId` int(11) NOT NULL,
  `sourceId` int(11) NOT NULL,
  `sourceSiteId` int(11) DEFAULT NULL,
  `targetId` int(11) NOT NULL,
  `sortOrder` smallint(6) unsigned DEFAULT NULL,
  `dateCreated` datetime NOT NULL,
  `dateUpdated` datetime NOT NULL,
  `uid` char(36) NOT NULL DEFAULT '0',
  PRIMARY KEY (`id`),
  UNIQUE KEY `relations_fieldId_sourceId_sourceSiteId_targetId_unq_idx` (`fieldId`,`sourceId`,`sourceSiteId`,`targetId`),
  KEY `relations_sourceId_idx` (`sourceId`),
  KEY `relations_targetId_idx` (`targetId`),
  KEY `relations_sourceSiteId_idx` (`sourceSiteId`),
  CONSTRAINT `relations_fieldId_fk` FOREIGN KEY (`fieldId`) REFERENCES `fields` (`id`) ON DELETE CASCADE,
  CONSTRAINT `relations_sourceId_fk` FOREIGN KEY (`sourceId`) REFERENCES `elements` (`id`) ON DELETE CASCADE,
  CONSTRAINT `relations_sourceSiteId_fk` FOREIGN KEY (`sourceSiteId`) REFERENCES `sites` (`id`) ON DELETE CASCADE ON UPDATE CASCADE,
  CONSTRAINT `relations_targetId_fk` FOREIGN KEY (`targetId`) REFERENCES `elements` (`id`) ON DELETE CASCADE
) ENGINE=InnoDB DEFAULT CHARSET=utf8;

LOCK TABLES `relations` WRITE;
/*!40000 ALTER TABLE `relations` DISABLE KEYS */;

INSERT INTO `relations` (`id`, `fieldId`, `sourceId`, `sourceSiteId`, `targetId`, `sortOrder`, `dateCreated`, `dateUpdated`, `uid`)
VALUES
	(1,6,12,NULL,6,1,'2018-02-19 21:21:57','2018-02-19 21:21:57','865a8fac-9567-4c21-a293-0e83a8e8f1b0'),
	(2,6,13,NULL,6,1,'2018-02-19 21:21:57','2018-02-19 21:21:57','7601b50a-0f18-45c1-adee-1c02c0d3fded'),
	(3,6,14,NULL,6,1,'2018-02-19 21:21:57','2018-02-19 21:21:57','ca861b7a-30eb-470f-9a82-a39c2f0d68bc'),
	(4,15,16,NULL,6,1,'2018-02-19 21:21:57','2018-02-19 21:21:57','dcd2c67c-0b5e-4f8e-bba1-4120a7d54802'),
	(5,15,16,NULL,7,2,'2018-02-19 21:21:57','2018-02-19 21:21:57','28130e20-c0f9-4210-abb5-92542a7769d9'),
	(6,15,16,NULL,8,3,'2018-02-19 21:21:57','2018-02-19 21:21:57','8eae75d1-6501-46b6-9e26-3b47c8b32752'),
	(7,15,16,NULL,9,4,'2018-02-19 21:21:57','2018-02-19 21:21:57','de83af5e-dc51-4016-b75e-b6b17efd56fb'),
	(8,17,2,NULL,6,1,'2018-02-19 21:21:57','2018-02-19 21:21:57','59955911-5cc7-4111-851b-edc0c2381615'),
	(9,20,17,NULL,2,1,'2018-02-19 21:45:00','2018-02-19 21:45:00','4d5d64bd-b086-4293-bd73-f4ef3bb4ab37');

/*!40000 ALTER TABLE `relations` ENABLE KEYS */;
UNLOCK TABLES;


# Dump of table routes
# ------------------------------------------------------------

DROP TABLE IF EXISTS `routes`;

CREATE TABLE `routes` (
  `id` int(11) NOT NULL AUTO_INCREMENT,
  `siteId` int(11) DEFAULT NULL,
  `uriParts` varchar(255) NOT NULL,
  `uriPattern` varchar(255) NOT NULL,
  `template` varchar(500) NOT NULL,
  `sortOrder` smallint(6) unsigned DEFAULT NULL,
  `dateCreated` datetime NOT NULL,
  `dateUpdated` datetime NOT NULL,
  `uid` char(36) NOT NULL DEFAULT '0',
  PRIMARY KEY (`id`),
  KEY `routes_uriPattern_idx` (`uriPattern`),
  KEY `routes_siteId_idx` (`siteId`),
  CONSTRAINT `routes_siteId_fk` FOREIGN KEY (`siteId`) REFERENCES `sites` (`id`) ON DELETE CASCADE ON UPDATE CASCADE
) ENGINE=InnoDB DEFAULT CHARSET=utf8;



# Dump of table searchindex
# ------------------------------------------------------------

DROP TABLE IF EXISTS `searchindex`;

CREATE TABLE `searchindex` (
  `elementId` int(11) NOT NULL,
  `attribute` varchar(25) NOT NULL,
  `fieldId` int(11) NOT NULL,
  `siteId` int(11) NOT NULL,
  `keywords` text NOT NULL,
  PRIMARY KEY (`elementId`,`attribute`,`fieldId`,`siteId`),
  FULLTEXT KEY `searchindex_keywords_idx` (`keywords`)
) ENGINE=MyISAM DEFAULT CHARSET=utf8;

LOCK TABLES `searchindex` WRITE;
/*!40000 ALTER TABLE `searchindex` DISABLE KEYS */;

INSERT INTO `searchindex` (`elementId`, `attribute`, `fieldId`, `siteId`, `keywords`)
VALUES
	(1,'username',0,1,' admin '),
	(1,'firstname',0,1,''),
	(1,'lastname',0,1,''),
	(1,'fullname',0,1,''),
	(1,'email',0,1,' rias marbles be '),
	(1,'slug',0,1,''),
	(2,'slug',0,1,' __home__ '),
	(2,'title',0,1,' home '),
	(2,'field',2,1,' himenaeos bibendum ad quis malesuada sem sagittis non at lobortis id sed elementum erat aenean dictum integer iaculis curabitur vivamus consectetur proin facilisis a at massa est risus integer mauris aliquam ante fringilla placerat ridiculus aptent semper rhoncus habitasse vulputate fermentum euismod sem sociis inceptos imperdiet phasellus potenti vehicula eu neque egestas eros suspendisse praesent faucibus torquent non fusce maecenas tortor justo eu erat nam adipiscing leo quam ultricies sociosqu orci felis platea et at aenean lorem inceptos velit nostra torquent phasellus vulputate sem tincidunt elit ante tortor justo eros quam facilisis blandit ac phasellus erat nibh orci curae est rhoncus et a potenti nam sociis natoque tortor taciti netus cursus quis nostra fusce molestie ullamcorper aptent odio torquent mollis etiam aliquet massa suscipit left 1 2 himenaeos bibendum ad quis malesuada sem sagittis non at lobortis id sed elementum erat aenean dictum integer iaculis curabitur vivamus consectetur proin facilisis a at massa est risus integer mauris aliquam ante fringilla placerat ridiculus aptent semper rhoncus habitasse vulputate fermentum euismod sem sociis inceptos imperdiet phasellus potenti vehicula eu neque egestas eros suspendisse praesent faucibus torquent non fusce maecenas tortor justo eu erat nam adipiscing leo quam ultricies sociosqu orci felis platea et at aenean lorem inceptos velit nostra torquent phasellus vulputate sem tincidunt elit ante tortor justo eros quam facilisis blandit ac phasellus erat nibh orci curae est rhoncus et a potenti nam sociis natoque tortor taciti netus cursus quis nostra fusce molestie ullamcorper aptent odio torquent mollis etiam aliquet massa suscipit right 1 2 ali gooya 527606 left 1 3 ali gooya 527606 with lightbox caption 1 right 2 3 ali gooya 527606 full full full me center an awesome quote full ali gooya 527606 john towner 177554 justin bisson beck 192842 loek hertog 501248 '),
	(2,'field',17,1,' ali gooya 527606 '),
	(2,'field',16,1,' volutpat dignissim primis metus ultrices auctor molestie iaculis elit felis imperdiet tortor semper tempor enim maecenas varius mattis augue phasellus at curabitur platea nec donec class laoreet ultricies odio nisi inceptos scelerisque '),
	(3,'slug',0,1,' 404 '),
	(3,'title',0,1,' 404 '),
	(3,'field',2,1,''),
	(4,'slug',0,1,' 503 '),
	(4,'title',0,1,' 503 '),
	(4,'field',2,1,''),
	(5,'slug',0,1,' generic error '),
	(5,'title',0,1,' generic error '),
	(5,'field',2,1,''),
	(6,'field',1,1,''),
	(6,'filename',0,1,' ali gooya 527606 jpg '),
	(6,'extension',0,1,' jpg '),
	(6,'kind',0,1,' image '),
	(6,'slug',0,1,''),
	(6,'title',0,1,' ali gooya 527606 '),
	(7,'field',1,1,''),
	(7,'filename',0,1,' john towner 177554 jpg '),
	(7,'extension',0,1,' jpg '),
	(7,'kind',0,1,' image '),
	(7,'slug',0,1,''),
	(7,'title',0,1,' john towner 177554 '),
	(8,'field',1,1,''),
	(8,'filename',0,1,' justin bisson beck 192842 jpg '),
	(8,'extension',0,1,' jpg '),
	(8,'kind',0,1,' image '),
	(8,'slug',0,1,''),
	(8,'title',0,1,' justin bisson beck 192842 '),
	(9,'field',1,1,''),
	(9,'filename',0,1,' loek hertog 501248 jpg '),
	(9,'extension',0,1,' jpg '),
	(9,'kind',0,1,' image '),
	(9,'slug',0,1,''),
	(9,'title',0,1,' loek hertog 501248 '),
	(10,'field',3,1,' himenaeos bibendum ad quis malesuada sem sagittis non at lobortis id sed elementum erat aenean dictum integer iaculis curabitur vivamus consectetur proin facilisis a at massa est risus integer mauris aliquam ante fringilla placerat ridiculus aptent semper rhoncus habitasse vulputate fermentum euismod sem sociis inceptos imperdiet phasellus potenti vehicula eu neque egestas eros suspendisse praesent faucibus torquent non fusce maecenas tortor justo eu erat nam adipiscing leo quam ultricies sociosqu orci felis platea et at aenean lorem inceptos velit nostra torquent phasellus vulputate sem tincidunt elit ante tortor justo eros quam facilisis blandit ac phasellus erat nibh orci curae est rhoncus et a potenti nam sociis natoque tortor taciti netus cursus quis nostra fusce molestie ullamcorper aptent odio torquent mollis etiam aliquet massa suscipit '),
	(10,'field',4,1,' left '),
	(10,'field',5,1,' 1 2 '),
	(10,'slug',0,1,''),
	(11,'field',3,1,' himenaeos bibendum ad quis malesuada sem sagittis non at lobortis id sed elementum erat aenean dictum integer iaculis curabitur vivamus consectetur proin facilisis a at massa est risus integer mauris aliquam ante fringilla placerat ridiculus aptent semper rhoncus habitasse vulputate fermentum euismod sem sociis inceptos imperdiet phasellus potenti vehicula eu neque egestas eros suspendisse praesent faucibus torquent non fusce maecenas tortor justo eu erat nam adipiscing leo quam ultricies sociosqu orci felis platea et at aenean lorem inceptos velit nostra torquent phasellus vulputate sem tincidunt elit ante tortor justo eros quam facilisis blandit ac phasellus erat nibh orci curae est rhoncus et a potenti nam sociis natoque tortor taciti netus cursus quis nostra fusce molestie ullamcorper aptent odio torquent mollis etiam aliquet massa suscipit '),
	(11,'field',4,1,' right '),
	(11,'field',5,1,' 1 2 '),
	(11,'slug',0,1,''),
	(12,'field',6,1,' ali gooya 527606 '),
	(12,'field',7,1,''),
	(12,'field',8,1,''),
	(12,'field',9,1,' left '),
	(12,'field',10,1,' 1 3 '),
	(12,'slug',0,1,''),
	(13,'field',6,1,' ali gooya 527606 '),
	(13,'field',7,1,' with lightbox caption '),
	(13,'field',8,1,' 1 '),
	(13,'field',9,1,' right '),
	(13,'field',10,1,' 2 3 '),
	(13,'slug',0,1,''),
	(14,'field',6,1,' ali gooya 527606 '),
	(14,'field',7,1,' full '),
	(14,'field',8,1,''),
	(14,'field',9,1,' full '),
	(14,'field',10,1,' full '),
	(14,'slug',0,1,''),
	(15,'field',11,1,' an awesome quote '),
	(15,'field',12,1,' me '),
	(15,'field',13,1,' center '),
	(15,'field',14,1,' full '),
	(15,'slug',0,1,''),
	(16,'field',15,1,' ali gooya 527606 john towner 177554 justin bisson beck 192842 loek hertog 501248 '),
	(16,'slug',0,1,''),
	(17,'field',20,1,' home '),
	(17,'field',21,1,''),
	(17,'slug',0,1,' home '),
	(17,'title',0,1,' home ');

/*!40000 ALTER TABLE `searchindex` ENABLE KEYS */;
UNLOCK TABLES;


# Dump of table sections
# ------------------------------------------------------------

DROP TABLE IF EXISTS `sections`;

CREATE TABLE `sections` (
  `id` int(11) NOT NULL AUTO_INCREMENT,
  `structureId` int(11) DEFAULT NULL,
  `name` varchar(255) NOT NULL,
  `handle` varchar(255) NOT NULL,
  `type` enum('single','channel','structure') NOT NULL DEFAULT 'channel',
  `enableVersioning` tinyint(1) NOT NULL DEFAULT '0',
  `propagateEntries` tinyint(1) NOT NULL DEFAULT '1',
  `dateCreated` datetime NOT NULL,
  `dateUpdated` datetime NOT NULL,
  `uid` char(36) NOT NULL DEFAULT '0',
  PRIMARY KEY (`id`),
  UNIQUE KEY `sections_handle_unq_idx` (`handle`),
  UNIQUE KEY `sections_name_unq_idx` (`name`),
  KEY `sections_structureId_idx` (`structureId`),
  CONSTRAINT `sections_structureId_fk` FOREIGN KEY (`structureId`) REFERENCES `structures` (`id`) ON DELETE SET NULL
) ENGINE=InnoDB DEFAULT CHARSET=utf8;

LOCK TABLES `sections` WRITE;
/*!40000 ALTER TABLE `sections` DISABLE KEYS */;

INSERT INTO `sections` (`id`, `structureId`, `name`, `handle`, `type`, `enableVersioning`, `propagateEntries`, `dateCreated`, `dateUpdated`, `uid`)
VALUES
	(1,1,'Pages','pages','structure',1,1,'2018-02-19 20:39:21','2018-02-19 20:39:21','fe154a59-9561-4bf1-ba7b-f2e632f45aaf'),
	(2,NULL,'404','notFound','single',0,1,'2018-02-19 21:05:21','2018-02-19 21:05:21','2692068f-5212-4ade-91df-f5b3ed74fd3a'),
	(3,NULL,'503','serviceUnavailable','single',1,1,'2018-02-19 21:06:26','2018-02-19 21:06:26','5d164903-fa95-4b19-bb53-3ccb8eccdc10'),
	(4,NULL,'Generic Error','genericError','single',1,1,'2018-02-19 21:07:22','2018-02-19 21:07:22','4d235bfa-bb52-4b6b-af72-e4a487f8f2be'),
	(5,2,'Navigation','navigation','structure',0,1,'2018-02-19 21:36:47','2018-02-19 21:36:47','fd93d66a-7537-41ec-950e-bf963f8bfeed');

/*!40000 ALTER TABLE `sections` ENABLE KEYS */;
UNLOCK TABLES;


# Dump of table sections_sites
# ------------------------------------------------------------

DROP TABLE IF EXISTS `sections_sites`;

CREATE TABLE `sections_sites` (
  `id` int(11) NOT NULL AUTO_INCREMENT,
  `sectionId` int(11) NOT NULL,
  `siteId` int(11) NOT NULL,
  `hasUrls` tinyint(1) NOT NULL DEFAULT '1',
  `uriFormat` text,
  `template` varchar(500) DEFAULT NULL,
  `enabledByDefault` tinyint(1) NOT NULL DEFAULT '1',
  `dateCreated` datetime NOT NULL,
  `dateUpdated` datetime NOT NULL,
  `uid` char(36) NOT NULL DEFAULT '0',
  PRIMARY KEY (`id`),
  UNIQUE KEY `sections_sites_sectionId_siteId_unq_idx` (`sectionId`,`siteId`),
  KEY `sections_sites_siteId_idx` (`siteId`),
  CONSTRAINT `sections_sites_sectionId_fk` FOREIGN KEY (`sectionId`) REFERENCES `sections` (`id`) ON DELETE CASCADE,
  CONSTRAINT `sections_sites_siteId_fk` FOREIGN KEY (`siteId`) REFERENCES `sites` (`id`) ON DELETE CASCADE ON UPDATE CASCADE
) ENGINE=InnoDB DEFAULT CHARSET=utf8;

LOCK TABLES `sections_sites` WRITE;
/*!40000 ALTER TABLE `sections_sites` DISABLE KEYS */;

INSERT INTO `sections_sites` (`id`, `sectionId`, `siteId`, `hasUrls`, `uriFormat`, `template`, `enabledByDefault`, `dateCreated`, `dateUpdated`, `uid`)
VALUES
	(1,1,1,1,'{slug}','page',1,'2018-02-19 20:39:21','2018-02-19 20:39:21','ac5514ee-9ccc-4e86-8d08-8d79e7743311'),
	(2,2,1,1,'404','404',1,'2018-02-19 21:05:21','2018-02-19 21:05:21','dabf6a1d-1e49-49fc-b872-9e6d65856ba5'),
	(3,3,1,1,'503','503',1,'2018-02-19 21:06:26','2018-02-19 21:06:26','94cf64b3-25eb-4c35-a363-51ba2d3be698'),
	(4,4,1,1,'error','error',1,'2018-02-19 21:07:22','2018-02-19 21:07:22','bc8a57f1-931a-47d6-b421-636571da0957'),
	(5,5,1,0,NULL,NULL,1,'2018-02-19 21:36:47','2018-02-19 21:36:47','2f0eeb6a-8f0e-4bf3-86a7-4f466ed67e9f');

/*!40000 ALTER TABLE `sections_sites` ENABLE KEYS */;
UNLOCK TABLES;


# Dump of table sessions
# ------------------------------------------------------------

DROP TABLE IF EXISTS `sessions`;

CREATE TABLE `sessions` (
  `id` int(11) NOT NULL AUTO_INCREMENT,
  `userId` int(11) NOT NULL,
  `token` char(100) NOT NULL,
  `dateCreated` datetime NOT NULL,
  `dateUpdated` datetime NOT NULL,
  `uid` char(36) NOT NULL DEFAULT '0',
  PRIMARY KEY (`id`),
  KEY `sessions_uid_idx` (`uid`),
  KEY `sessions_token_idx` (`token`),
  KEY `sessions_dateUpdated_idx` (`dateUpdated`),
  KEY `sessions_userId_idx` (`userId`),
  CONSTRAINT `sessions_userId_fk` FOREIGN KEY (`userId`) REFERENCES `users` (`id`) ON DELETE CASCADE
) ENGINE=InnoDB DEFAULT CHARSET=utf8;

LOCK TABLES `sessions` WRITE;
/*!40000 ALTER TABLE `sessions` DISABLE KEYS */;

INSERT INTO `sessions` (`id`, `userId`, `token`, `dateCreated`, `dateUpdated`, `uid`)
VALUES
	(1,1,'VYyXUvELxDH3aqsdcF66btzJ0f3rB8CxbOzGl7BqCNqGSbnFOVVhALlgbaW6Fxu_A1nqDS5haOGygPQPo3YcFmcUlypXpf7kewVL','2018-02-19 20:35:34','2018-02-19 22:01:36','95d6fd51-ac67-4f93-b9fd-e2f815d47dff');

/*!40000 ALTER TABLE `sessions` ENABLE KEYS */;
UNLOCK TABLES;


# Dump of table shunnedmessages
# ------------------------------------------------------------

DROP TABLE IF EXISTS `shunnedmessages`;

CREATE TABLE `shunnedmessages` (
  `id` int(11) NOT NULL AUTO_INCREMENT,
  `userId` int(11) NOT NULL,
  `message` varchar(255) NOT NULL,
  `expiryDate` datetime DEFAULT NULL,
  `dateCreated` datetime NOT NULL,
  `dateUpdated` datetime NOT NULL,
  `uid` char(36) NOT NULL DEFAULT '0',
  PRIMARY KEY (`id`),
  UNIQUE KEY `shunnedmessages_userId_message_unq_idx` (`userId`,`message`),
  CONSTRAINT `shunnedmessages_userId_fk` FOREIGN KEY (`userId`) REFERENCES `users` (`id`) ON DELETE CASCADE
) ENGINE=InnoDB DEFAULT CHARSET=utf8;



# Dump of table sitegroups
# ------------------------------------------------------------

DROP TABLE IF EXISTS `sitegroups`;

CREATE TABLE `sitegroups` (
  `id` int(11) NOT NULL AUTO_INCREMENT,
  `name` varchar(255) NOT NULL,
  `dateCreated` datetime NOT NULL,
  `dateUpdated` datetime NOT NULL,
  `uid` char(36) NOT NULL DEFAULT '0',
  PRIMARY KEY (`id`),
  UNIQUE KEY `sitegroups_name_unq_idx` (`name`)
) ENGINE=InnoDB DEFAULT CHARSET=utf8;

LOCK TABLES `sitegroups` WRITE;
/*!40000 ALTER TABLE `sitegroups` DISABLE KEYS */;

INSERT INTO `sitegroups` (`id`, `name`, `dateCreated`, `dateUpdated`, `uid`)
VALUES
	(1,'craft','2018-02-19 20:35:16','2018-02-19 20:35:16','621953cd-07f9-4cb7-b4b8-ce528d22656b');

/*!40000 ALTER TABLE `sitegroups` ENABLE KEYS */;
UNLOCK TABLES;


# Dump of table sites
# ------------------------------------------------------------

DROP TABLE IF EXISTS `sites`;

CREATE TABLE `sites` (
  `id` int(11) NOT NULL AUTO_INCREMENT,
  `groupId` int(11) NOT NULL,
  `primary` tinyint(1) NOT NULL,
  `name` varchar(255) NOT NULL,
  `handle` varchar(255) NOT NULL,
  `language` varchar(12) NOT NULL,
  `hasUrls` tinyint(1) NOT NULL DEFAULT '0',
  `baseUrl` varchar(255) DEFAULT NULL,
  `sortOrder` smallint(6) unsigned DEFAULT NULL,
  `dateCreated` datetime NOT NULL,
  `dateUpdated` datetime NOT NULL,
  `uid` char(36) NOT NULL DEFAULT '0',
  PRIMARY KEY (`id`),
  UNIQUE KEY `sites_handle_unq_idx` (`handle`),
  KEY `sites_sortOrder_idx` (`sortOrder`),
  KEY `sites_groupId_fk` (`groupId`),
  CONSTRAINT `sites_groupId_fk` FOREIGN KEY (`groupId`) REFERENCES `sitegroups` (`id`) ON DELETE CASCADE
) ENGINE=InnoDB DEFAULT CHARSET=utf8;

LOCK TABLES `sites` WRITE;
/*!40000 ALTER TABLE `sites` DISABLE KEYS */;

INSERT INTO `sites` (`id`, `groupId`, `primary`, `name`, `handle`, `language`, `hasUrls`, `baseUrl`, `sortOrder`, `dateCreated`, `dateUpdated`, `uid`)
VALUES
	(1,1,1,'craft','default','nl-BE',1,'http://craft.wip/',1,'2018-02-19 20:35:16','2018-02-19 20:35:16','9d6f768b-e1c6-4802-9e7d-06ef35121847');

/*!40000 ALTER TABLE `sites` ENABLE KEYS */;
UNLOCK TABLES;


# Dump of table structureelements
# ------------------------------------------------------------

DROP TABLE IF EXISTS `structureelements`;

CREATE TABLE `structureelements` (
  `id` int(11) NOT NULL AUTO_INCREMENT,
  `structureId` int(11) NOT NULL,
  `elementId` int(11) DEFAULT NULL,
  `root` int(11) unsigned DEFAULT NULL,
  `lft` int(11) unsigned NOT NULL,
  `rgt` int(11) unsigned NOT NULL,
  `level` smallint(6) unsigned NOT NULL,
  `dateCreated` datetime NOT NULL,
  `dateUpdated` datetime NOT NULL,
  `uid` char(36) NOT NULL DEFAULT '0',
  PRIMARY KEY (`id`),
  UNIQUE KEY `structureelements_structureId_elementId_unq_idx` (`structureId`,`elementId`),
  KEY `structureelements_root_idx` (`root`),
  KEY `structureelements_lft_idx` (`lft`),
  KEY `structureelements_rgt_idx` (`rgt`),
  KEY `structureelements_level_idx` (`level`),
  KEY `structureelements_elementId_idx` (`elementId`),
  CONSTRAINT `structureelements_elementId_fk` FOREIGN KEY (`elementId`) REFERENCES `elements` (`id`) ON DELETE CASCADE,
  CONSTRAINT `structureelements_structureId_fk` FOREIGN KEY (`structureId`) REFERENCES `structures` (`id`) ON DELETE CASCADE
) ENGINE=InnoDB DEFAULT CHARSET=utf8;

LOCK TABLES `structureelements` WRITE;
/*!40000 ALTER TABLE `structureelements` DISABLE KEYS */;

INSERT INTO `structureelements` (`id`, `structureId`, `elementId`, `root`, `lft`, `rgt`, `level`, `dateCreated`, `dateUpdated`, `uid`)
VALUES
	(1,1,NULL,1,1,4,0,'2018-02-19 20:39:37','2018-02-19 20:39:37','9f655e24-120a-4b29-a5f1-ead7175ae8b8'),
	(2,1,2,1,2,3,1,'2018-02-19 20:39:37','2018-02-19 20:39:37','3514c6ef-5a9b-49f9-bba8-366d0122c499'),
	(3,2,NULL,3,1,4,0,'2018-02-19 21:44:59','2018-02-19 21:44:59','2ca4ec10-e138-48a3-9635-46af072812c6'),
	(4,2,17,3,2,3,1,'2018-02-19 21:44:59','2018-02-19 21:44:59','566901c4-fa68-4fb6-beb4-3e99b493e310');

/*!40000 ALTER TABLE `structureelements` ENABLE KEYS */;
UNLOCK TABLES;


# Dump of table structures
# ------------------------------------------------------------

DROP TABLE IF EXISTS `structures`;

CREATE TABLE `structures` (
  `id` int(11) NOT NULL AUTO_INCREMENT,
  `maxLevels` smallint(6) unsigned DEFAULT NULL,
  `dateCreated` datetime NOT NULL,
  `dateUpdated` datetime NOT NULL,
  `uid` char(36) NOT NULL DEFAULT '0',
  PRIMARY KEY (`id`)
) ENGINE=InnoDB DEFAULT CHARSET=utf8;

LOCK TABLES `structures` WRITE;
/*!40000 ALTER TABLE `structures` DISABLE KEYS */;

INSERT INTO `structures` (`id`, `maxLevels`, `dateCreated`, `dateUpdated`, `uid`)
VALUES
	(1,NULL,'2018-02-19 20:39:21','2018-02-19 20:39:21','a7be0409-cc51-42d0-b87b-69b4e0a5f994'),
	(2,NULL,'2018-02-19 21:36:47','2018-02-19 21:36:47','795cf611-b9b2-4956-8b69-4ab169d67ae9');

/*!40000 ALTER TABLE `structures` ENABLE KEYS */;
UNLOCK TABLES;


# Dump of table systemmessages
# ------------------------------------------------------------

DROP TABLE IF EXISTS `systemmessages`;

CREATE TABLE `systemmessages` (
  `id` int(11) NOT NULL AUTO_INCREMENT,
  `language` varchar(255) NOT NULL,
  `key` varchar(255) NOT NULL,
  `subject` text NOT NULL,
  `body` text NOT NULL,
  `dateCreated` datetime NOT NULL,
  `dateUpdated` datetime NOT NULL,
  `uid` char(36) NOT NULL DEFAULT '0',
  PRIMARY KEY (`id`),
  UNIQUE KEY `systemmessages_key_language_unq_idx` (`key`,`language`),
  KEY `systemmessages_language_idx` (`language`)
) ENGINE=InnoDB DEFAULT CHARSET=utf8;



# Dump of table systemsettings
# ------------------------------------------------------------

DROP TABLE IF EXISTS `systemsettings`;

CREATE TABLE `systemsettings` (
  `id` int(11) NOT NULL AUTO_INCREMENT,
  `category` varchar(15) NOT NULL,
  `settings` text,
  `dateCreated` datetime NOT NULL,
  `dateUpdated` datetime NOT NULL,
  `uid` char(36) NOT NULL DEFAULT '0',
  PRIMARY KEY (`id`),
  UNIQUE KEY `systemsettings_category_unq_idx` (`category`)
) ENGINE=InnoDB DEFAULT CHARSET=utf8;

LOCK TABLES `systemsettings` WRITE;
/*!40000 ALTER TABLE `systemsettings` DISABLE KEYS */;

INSERT INTO `systemsettings` (`id`, `category`, `settings`, `dateCreated`, `dateUpdated`, `uid`)
VALUES
	(1,'email','{\"fromEmail\":\"rias@marbles.be\",\"fromName\":\"craft\",\"transportType\":\"craft\\\\mail\\\\transportadapters\\\\Sendmail\"}','2018-02-19 20:35:16','2018-02-19 20:35:16','85b6eea2-7778-487c-9b88-4bf09a57a7cf');

/*!40000 ALTER TABLE `systemsettings` ENABLE KEYS */;
UNLOCK TABLES;


# Dump of table taggroups
# ------------------------------------------------------------

DROP TABLE IF EXISTS `taggroups`;

CREATE TABLE `taggroups` (
  `id` int(11) NOT NULL AUTO_INCREMENT,
  `name` varchar(255) NOT NULL,
  `handle` varchar(255) NOT NULL,
  `fieldLayoutId` int(11) DEFAULT NULL,
  `dateCreated` datetime NOT NULL,
  `dateUpdated` datetime NOT NULL,
  `uid` char(36) NOT NULL DEFAULT '0',
  PRIMARY KEY (`id`),
  UNIQUE KEY `taggroups_name_unq_idx` (`name`),
  UNIQUE KEY `taggroups_handle_unq_idx` (`handle`),
  KEY `taggroups_fieldLayoutId_fk` (`fieldLayoutId`),
  CONSTRAINT `taggroups_fieldLayoutId_fk` FOREIGN KEY (`fieldLayoutId`) REFERENCES `fieldlayouts` (`id`) ON DELETE SET NULL
) ENGINE=InnoDB DEFAULT CHARSET=utf8;



# Dump of table tags
# ------------------------------------------------------------

DROP TABLE IF EXISTS `tags`;

CREATE TABLE `tags` (
  `id` int(11) NOT NULL,
  `groupId` int(11) NOT NULL,
  `dateCreated` datetime NOT NULL,
  `dateUpdated` datetime NOT NULL,
  `uid` char(36) NOT NULL DEFAULT '0',
  PRIMARY KEY (`id`),
  KEY `tags_groupId_idx` (`groupId`),
  CONSTRAINT `tags_groupId_fk` FOREIGN KEY (`groupId`) REFERENCES `taggroups` (`id`) ON DELETE CASCADE,
  CONSTRAINT `tags_id_fk` FOREIGN KEY (`id`) REFERENCES `elements` (`id`) ON DELETE CASCADE
) ENGINE=InnoDB DEFAULT CHARSET=utf8;



# Dump of table templatecacheelements
# ------------------------------------------------------------

DROP TABLE IF EXISTS `templatecacheelements`;

CREATE TABLE `templatecacheelements` (
  `cacheId` int(11) NOT NULL,
  `elementId` int(11) NOT NULL,
  KEY `templatecacheelements_cacheId_idx` (`cacheId`),
  KEY `templatecacheelements_elementId_idx` (`elementId`),
  CONSTRAINT `templatecacheelements_cacheId_fk` FOREIGN KEY (`cacheId`) REFERENCES `templatecaches` (`id`) ON DELETE CASCADE,
  CONSTRAINT `templatecacheelements_elementId_fk` FOREIGN KEY (`elementId`) REFERENCES `elements` (`id`) ON DELETE CASCADE
) ENGINE=InnoDB DEFAULT CHARSET=utf8;



# Dump of table templatecachequeries
# ------------------------------------------------------------

DROP TABLE IF EXISTS `templatecachequeries`;

CREATE TABLE `templatecachequeries` (
  `id` int(11) NOT NULL AUTO_INCREMENT,
  `cacheId` int(11) NOT NULL,
  `type` varchar(255) NOT NULL,
  `query` longtext NOT NULL,
  PRIMARY KEY (`id`),
  KEY `templatecachequeries_cacheId_idx` (`cacheId`),
  KEY `templatecachequeries_type_idx` (`type`),
  CONSTRAINT `templatecachequeries_cacheId_fk` FOREIGN KEY (`cacheId`) REFERENCES `templatecaches` (`id`) ON DELETE CASCADE
) ENGINE=InnoDB DEFAULT CHARSET=utf8;



# Dump of table templatecaches
# ------------------------------------------------------------

DROP TABLE IF EXISTS `templatecaches`;

CREATE TABLE `templatecaches` (
  `id` int(11) NOT NULL AUTO_INCREMENT,
  `siteId` int(11) NOT NULL,
  `cacheKey` varchar(255) NOT NULL,
  `path` varchar(255) DEFAULT NULL,
  `expiryDate` datetime NOT NULL,
  `body` mediumtext NOT NULL,
  PRIMARY KEY (`id`),
  KEY `templatecaches_cacheKey_siteId_expiryDate_path_idx` (`cacheKey`,`siteId`,`expiryDate`,`path`),
  KEY `templatecaches_cacheKey_siteId_expiryDate_idx` (`cacheKey`,`siteId`,`expiryDate`),
  KEY `templatecaches_siteId_idx` (`siteId`),
  CONSTRAINT `templatecaches_siteId_fk` FOREIGN KEY (`siteId`) REFERENCES `sites` (`id`) ON DELETE CASCADE ON UPDATE CASCADE
) ENGINE=InnoDB DEFAULT CHARSET=utf8;



# Dump of table tokens
# ------------------------------------------------------------

DROP TABLE IF EXISTS `tokens`;

CREATE TABLE `tokens` (
  `id` int(11) NOT NULL AUTO_INCREMENT,
  `token` char(32) NOT NULL,
  `route` text,
  `usageLimit` smallint(6) unsigned DEFAULT NULL,
  `usageCount` smallint(6) unsigned DEFAULT NULL,
  `expiryDate` datetime NOT NULL,
  `dateCreated` datetime NOT NULL,
  `dateUpdated` datetime NOT NULL,
  `uid` char(36) NOT NULL DEFAULT '0',
  PRIMARY KEY (`id`),
  UNIQUE KEY `tokens_token_unq_idx` (`token`),
  KEY `tokens_expiryDate_idx` (`expiryDate`)
) ENGINE=InnoDB DEFAULT CHARSET=utf8;



# Dump of table usergroups
# ------------------------------------------------------------

DROP TABLE IF EXISTS `usergroups`;

CREATE TABLE `usergroups` (
  `id` int(11) NOT NULL AUTO_INCREMENT,
  `name` varchar(255) NOT NULL,
  `handle` varchar(255) NOT NULL,
  `dateCreated` datetime NOT NULL,
  `dateUpdated` datetime NOT NULL,
  `uid` char(36) NOT NULL DEFAULT '0',
  PRIMARY KEY (`id`),
  UNIQUE KEY `usergroups_handle_unq_idx` (`handle`),
  UNIQUE KEY `usergroups_name_unq_idx` (`name`)
) ENGINE=InnoDB DEFAULT CHARSET=utf8;



# Dump of table usergroups_users
# ------------------------------------------------------------

DROP TABLE IF EXISTS `usergroups_users`;

CREATE TABLE `usergroups_users` (
  `id` int(11) NOT NULL AUTO_INCREMENT,
  `groupId` int(11) NOT NULL,
  `userId` int(11) NOT NULL,
  `dateCreated` datetime NOT NULL,
  `dateUpdated` datetime NOT NULL,
  `uid` char(36) NOT NULL DEFAULT '0',
  PRIMARY KEY (`id`),
  UNIQUE KEY `usergroups_users_groupId_userId_unq_idx` (`groupId`,`userId`),
  KEY `usergroups_users_userId_idx` (`userId`),
  CONSTRAINT `usergroups_users_groupId_fk` FOREIGN KEY (`groupId`) REFERENCES `usergroups` (`id`) ON DELETE CASCADE,
  CONSTRAINT `usergroups_users_userId_fk` FOREIGN KEY (`userId`) REFERENCES `users` (`id`) ON DELETE CASCADE
) ENGINE=InnoDB DEFAULT CHARSET=utf8;



# Dump of table userpermissions
# ------------------------------------------------------------

DROP TABLE IF EXISTS `userpermissions`;

CREATE TABLE `userpermissions` (
  `id` int(11) NOT NULL AUTO_INCREMENT,
  `name` varchar(255) NOT NULL,
  `dateCreated` datetime NOT NULL,
  `dateUpdated` datetime NOT NULL,
  `uid` char(36) NOT NULL DEFAULT '0',
  PRIMARY KEY (`id`),
  UNIQUE KEY `userpermissions_name_unq_idx` (`name`)
) ENGINE=InnoDB DEFAULT CHARSET=utf8;



# Dump of table userpermissions_usergroups
# ------------------------------------------------------------

DROP TABLE IF EXISTS `userpermissions_usergroups`;

CREATE TABLE `userpermissions_usergroups` (
  `id` int(11) NOT NULL AUTO_INCREMENT,
  `permissionId` int(11) NOT NULL,
  `groupId` int(11) NOT NULL,
  `dateCreated` datetime NOT NULL,
  `dateUpdated` datetime NOT NULL,
  `uid` char(36) NOT NULL DEFAULT '0',
  PRIMARY KEY (`id`),
  UNIQUE KEY `userpermissions_usergroups_permissionId_groupId_unq_idx` (`permissionId`,`groupId`),
  KEY `userpermissions_usergroups_groupId_idx` (`groupId`),
  CONSTRAINT `userpermissions_usergroups_groupId_fk` FOREIGN KEY (`groupId`) REFERENCES `usergroups` (`id`) ON DELETE CASCADE,
  CONSTRAINT `userpermissions_usergroups_permissionId_fk` FOREIGN KEY (`permissionId`) REFERENCES `userpermissions` (`id`) ON DELETE CASCADE
) ENGINE=InnoDB DEFAULT CHARSET=utf8;



# Dump of table userpermissions_users
# ------------------------------------------------------------

DROP TABLE IF EXISTS `userpermissions_users`;

CREATE TABLE `userpermissions_users` (
  `id` int(11) NOT NULL AUTO_INCREMENT,
  `permissionId` int(11) NOT NULL,
  `userId` int(11) NOT NULL,
  `dateCreated` datetime NOT NULL,
  `dateUpdated` datetime NOT NULL,
  `uid` char(36) NOT NULL DEFAULT '0',
  PRIMARY KEY (`id`),
  UNIQUE KEY `userpermissions_users_permissionId_userId_unq_idx` (`permissionId`,`userId`),
  KEY `userpermissions_users_userId_idx` (`userId`),
  CONSTRAINT `userpermissions_users_permissionId_fk` FOREIGN KEY (`permissionId`) REFERENCES `userpermissions` (`id`) ON DELETE CASCADE,
  CONSTRAINT `userpermissions_users_userId_fk` FOREIGN KEY (`userId`) REFERENCES `users` (`id`) ON DELETE CASCADE
) ENGINE=InnoDB DEFAULT CHARSET=utf8;



# Dump of table userpreferences
# ------------------------------------------------------------

DROP TABLE IF EXISTS `userpreferences`;

CREATE TABLE `userpreferences` (
  `userId` int(11) NOT NULL AUTO_INCREMENT,
  `preferences` text,
  PRIMARY KEY (`userId`),
  CONSTRAINT `userpreferences_userId_fk` FOREIGN KEY (`userId`) REFERENCES `users` (`id`) ON DELETE CASCADE
) ENGINE=InnoDB DEFAULT CHARSET=utf8;



# Dump of table users
# ------------------------------------------------------------

DROP TABLE IF EXISTS `users`;

CREATE TABLE `users` (
  `id` int(11) NOT NULL,
  `username` varchar(100) NOT NULL,
  `photoId` int(11) DEFAULT NULL,
  `firstName` varchar(100) DEFAULT NULL,
  `lastName` varchar(100) DEFAULT NULL,
  `email` varchar(255) NOT NULL,
  `password` varchar(255) DEFAULT NULL,
  `admin` tinyint(1) NOT NULL DEFAULT '0',
  `client` tinyint(1) NOT NULL DEFAULT '0',
  `locked` tinyint(1) NOT NULL DEFAULT '0',
  `suspended` tinyint(1) NOT NULL DEFAULT '0',
  `pending` tinyint(1) NOT NULL DEFAULT '0',
  `lastLoginDate` datetime DEFAULT NULL,
  `lastLoginAttemptIp` varchar(45) DEFAULT NULL,
  `invalidLoginWindowStart` datetime DEFAULT NULL,
  `invalidLoginCount` smallint(6) unsigned DEFAULT NULL,
  `lastInvalidLoginDate` datetime DEFAULT NULL,
  `lockoutDate` datetime DEFAULT NULL,
  `verificationCode` varchar(255) DEFAULT NULL,
  `verificationCodeIssuedDate` datetime DEFAULT NULL,
  `unverifiedEmail` varchar(255) DEFAULT NULL,
  `passwordResetRequired` tinyint(1) NOT NULL DEFAULT '0',
  `lastPasswordChangeDate` datetime DEFAULT NULL,
  `dateCreated` datetime NOT NULL,
  `dateUpdated` datetime NOT NULL,
  `uid` char(36) NOT NULL DEFAULT '0',
  PRIMARY KEY (`id`),
  UNIQUE KEY `users_username_unq_idx` (`username`),
  UNIQUE KEY `users_email_unq_idx` (`email`),
  KEY `users_uid_idx` (`uid`),
  KEY `users_verificationCode_idx` (`verificationCode`),
  KEY `users_photoId_fk` (`photoId`),
  CONSTRAINT `users_id_fk` FOREIGN KEY (`id`) REFERENCES `elements` (`id`) ON DELETE CASCADE,
  CONSTRAINT `users_photoId_fk` FOREIGN KEY (`photoId`) REFERENCES `assets` (`id`) ON DELETE SET NULL
) ENGINE=InnoDB DEFAULT CHARSET=utf8;

LOCK TABLES `users` WRITE;
/*!40000 ALTER TABLE `users` DISABLE KEYS */;

INSERT INTO `users` (`id`, `username`, `photoId`, `firstName`, `lastName`, `email`, `password`, `admin`, `client`, `locked`, `suspended`, `pending`, `lastLoginDate`, `lastLoginAttemptIp`, `invalidLoginWindowStart`, `invalidLoginCount`, `lastInvalidLoginDate`, `lockoutDate`, `verificationCode`, `verificationCodeIssuedDate`, `unverifiedEmail`, `passwordResetRequired`, `lastPasswordChangeDate`, `dateCreated`, `dateUpdated`, `uid`)
VALUES
	(1,'admin',NULL,NULL,NULL,'rias@marbles.be','$2y$13$52sWHiSYS486.cu2JhwGGue18.ja879mz4UO5LoMi2GE.RUT.2UP.',1,0,0,0,0,'2018-02-19 20:35:34','127.0.0.1',NULL,NULL,NULL,NULL,NULL,NULL,NULL,0,'2018-02-19 20:35:16','2018-02-19 20:35:16','2018-02-19 20:35:34','6aebbe27-3535-4912-a70d-5c180c8337db');

/*!40000 ALTER TABLE `users` ENABLE KEYS */;
UNLOCK TABLES;


# Dump of table volumefolders
# ------------------------------------------------------------

DROP TABLE IF EXISTS `volumefolders`;

CREATE TABLE `volumefolders` (
  `id` int(11) NOT NULL AUTO_INCREMENT,
  `parentId` int(11) DEFAULT NULL,
  `volumeId` int(11) DEFAULT NULL,
  `name` varchar(255) NOT NULL,
  `path` varchar(255) DEFAULT NULL,
  `dateCreated` datetime NOT NULL,
  `dateUpdated` datetime NOT NULL,
  `uid` char(36) NOT NULL DEFAULT '0',
  PRIMARY KEY (`id`),
  UNIQUE KEY `volumefolders_name_parentId_volumeId_unq_idx` (`name`,`parentId`,`volumeId`),
  KEY `volumefolders_parentId_idx` (`parentId`),
  KEY `volumefolders_volumeId_idx` (`volumeId`),
  CONSTRAINT `volumefolders_parentId_fk` FOREIGN KEY (`parentId`) REFERENCES `volumefolders` (`id`) ON DELETE CASCADE,
  CONSTRAINT `volumefolders_volumeId_fk` FOREIGN KEY (`volumeId`) REFERENCES `volumes` (`id`) ON DELETE CASCADE
) ENGINE=InnoDB DEFAULT CHARSET=utf8;

LOCK TABLES `volumefolders` WRITE;
/*!40000 ALTER TABLE `volumefolders` DISABLE KEYS */;

INSERT INTO `volumefolders` (`id`, `parentId`, `volumeId`, `name`, `path`, `dateCreated`, `dateUpdated`, `uid`)
VALUES
	(1,NULL,NULL,'Tijdelijke bron',NULL,'2018-02-19 20:40:12','2018-02-19 20:40:12','a8e9a440-1c1b-416a-a72b-91cf3efb2435'),
	(2,1,NULL,'user_1','user_1/','2018-02-19 20:40:12','2018-02-19 20:40:12','5cf719e3-aa73-4302-90ff-02ec1851fa82'),
	(3,NULL,1,'Images','','2018-02-19 20:47:40','2018-02-19 20:47:40','d0f09da2-3dbc-4180-af77-fdfe80c5e475');

/*!40000 ALTER TABLE `volumefolders` ENABLE KEYS */;
UNLOCK TABLES;


# Dump of table volumes
# ------------------------------------------------------------

DROP TABLE IF EXISTS `volumes`;

CREATE TABLE `volumes` (
  `id` int(11) NOT NULL AUTO_INCREMENT,
  `fieldLayoutId` int(11) DEFAULT NULL,
  `name` varchar(255) NOT NULL,
  `handle` varchar(255) NOT NULL,
  `type` varchar(255) NOT NULL,
  `hasUrls` tinyint(1) NOT NULL DEFAULT '1',
  `url` varchar(255) DEFAULT NULL,
  `settings` text,
  `sortOrder` smallint(6) unsigned DEFAULT NULL,
  `dateCreated` datetime NOT NULL,
  `dateUpdated` datetime NOT NULL,
  `uid` char(36) NOT NULL DEFAULT '0',
  PRIMARY KEY (`id`),
  UNIQUE KEY `volumes_name_unq_idx` (`name`),
  UNIQUE KEY `volumes_handle_unq_idx` (`handle`),
  KEY `volumes_fieldLayoutId_idx` (`fieldLayoutId`),
  CONSTRAINT `volumes_fieldLayoutId_fk` FOREIGN KEY (`fieldLayoutId`) REFERENCES `fieldlayouts` (`id`) ON DELETE SET NULL
) ENGINE=InnoDB DEFAULT CHARSET=utf8;

LOCK TABLES `volumes` WRITE;
/*!40000 ALTER TABLE `volumes` DISABLE KEYS */;

INSERT INTO `volumes` (`id`, `fieldLayoutId`, `name`, `handle`, `type`, `hasUrls`, `url`, `settings`, `sortOrder`, `dateCreated`, `dateUpdated`, `uid`)
VALUES
	(1,2,'Images','images','craft\\volumes\\Local',1,'@baseUrl/assets/images/','{\"path\":\"@basePath/storage/assets/images/\"}',1,'2018-02-19 20:47:40','2018-02-19 20:49:20','56927c8a-e051-4381-aa6c-4100a9fa4991');

/*!40000 ALTER TABLE `volumes` ENABLE KEYS */;
UNLOCK TABLES;


# Dump of table widgets
# ------------------------------------------------------------

DROP TABLE IF EXISTS `widgets`;

CREATE TABLE `widgets` (
  `id` int(11) NOT NULL AUTO_INCREMENT,
  `userId` int(11) NOT NULL,
  `type` varchar(255) NOT NULL,
  `sortOrder` smallint(6) unsigned DEFAULT NULL,
  `colspan` tinyint(1) NOT NULL DEFAULT '0',
  `settings` text,
  `enabled` tinyint(1) NOT NULL DEFAULT '1',
  `dateCreated` datetime NOT NULL,
  `dateUpdated` datetime NOT NULL,
  `uid` char(36) NOT NULL DEFAULT '0',
  PRIMARY KEY (`id`),
  KEY `widgets_userId_idx` (`userId`),
  CONSTRAINT `widgets_userId_fk` FOREIGN KEY (`userId`) REFERENCES `users` (`id`) ON DELETE CASCADE
) ENGINE=InnoDB DEFAULT CHARSET=utf8;

LOCK TABLES `widgets` WRITE;
/*!40000 ALTER TABLE `widgets` DISABLE KEYS */;

INSERT INTO `widgets` (`id`, `userId`, `type`, `sortOrder`, `colspan`, `settings`, `enabled`, `dateCreated`, `dateUpdated`, `uid`)
VALUES
	(1,1,'craft\\widgets\\RecentEntries',1,0,'{\"section\":\"*\",\"siteId\":\"1\",\"limit\":10}',1,'2018-02-19 20:35:35','2018-02-19 20:35:35','3b635e6a-6e5c-4e19-872a-a002bb1b130c'),
	(2,1,'craft\\widgets\\CraftSupport',2,0,'[]',1,'2018-02-19 20:35:35','2018-02-19 20:35:35','085b3141-288b-4001-afa2-c43a70b6cdec'),
	(3,1,'craft\\widgets\\Updates',3,0,'[]',1,'2018-02-19 20:35:35','2018-02-19 20:35:35','bd367fc3-df9b-4bd6-8cda-fe9ffb2e0e6f'),
	(4,1,'craft\\widgets\\Feed',4,0,'{\"url\":\"https://craftcms.com/news.rss\",\"title\":\"Craft News\",\"limit\":5}',1,'2018-02-19 20:35:35','2018-02-19 20:35:35','b94ff7ca-3b66-44d6-a799-42a3f0d6a0ba');

/*!40000 ALTER TABLE `widgets` ENABLE KEYS */;
UNLOCK TABLES;



/*!40111 SET SQL_NOTES=@OLD_SQL_NOTES */;
/*!40101 SET SQL_MODE=@OLD_SQL_MODE */;
/*!40014 SET FOREIGN_KEY_CHECKS=@OLD_FOREIGN_KEY_CHECKS */;
/*!40101 SET CHARACTER_SET_CLIENT=@OLD_CHARACTER_SET_CLIENT */;
/*!40101 SET CHARACTER_SET_RESULTS=@OLD_CHARACTER_SET_RESULTS */;
/*!40101 SET COLLATION_CONNECTION=@OLD_COLLATION_CONNECTION */;
